"DCAA Solutions","http://www.dcaasolution.com"
"Foundation Soft","http://www.foundationsoft.com"
"Caselle","http://www.caselle.com"
"Deltek","http://www.deltek.com"
"PROCAS","http://www.procas.com"
"CCAS","http://www.ccas.com"
"Acuity Business Solutions","http://www.acuitybusiness.com"
"SYMPAQ","http://www.sympaq.com"
"Octant","http://www.octant.com"
"Axium","http://www.axium.com"
"SSI Consulting","http://www.governmentcontractoraccountingsoftware.com"
"Cappriccio Fuzion","http://www.capricciofuzion.com"
"Synergy Business Solutions","http://www.synergybusiness.com"
"Olympic Systems","http://www.projectcost.net"
"Arviso Inc.","http://www.arvisoinc.com"
"GCAS","http://www.gcas.com"
"ProPricer","http://www.propricer.com"
"Privia","http://www.privia.com"
"NeoSystems","http://www.neosystemscorp.com"
"CorasWorks","http://www.corasworks.net"
"FedMarket","http://www.fedmarket.com"
"XRSolutions","http://www.xrsolutions.com"
"ReliAscent","http://www.reliascent.com"
"BidSync","http://www.bidsync.com"
"Jobscope","http://www.jobscope.com"
"Global Shop Solutions","http://www.globalshopsolutions.com"
"Perceptive Software","http://www.perceptivesoftware.com"
"Selectica","http://www.selectica.com"
"Contract Logix","http://www.contractlogix.com"
"Digisoft Solutions","http://www.digisoft-solutions.com"
"Plex","http://www.plex.com"
"Corp_Pro","http://www.dcaasolution.com"
"Federal Publication Seminars","http://www.fedpubseminars.com"
"Federal Contractor Services Network","http://www.fcservicesnetwork.com"
"Gov-Con","http://www.gov-con.com"
"Pathways Consulting LLC","http://pathwaysconsulting.biz"