Organization Name,Work phone,Work email,Work web site,Work line #1,Work city,Work state,Work zip/postal code,Work country,Organization Tag 1,Background
"Mach 1 Global Services 1234595304","800-553-7774","jentzminger@mach1global.com","http://www.Mach1Global.com","1530 W Broadway Rd","Tempe","Arizona","85282","United States","logistics","Webpage with 4 Emails
http://www.mach1global.com/mach1_global_freight_logistics_news_details.php?id=42

Webpage with 4 Emails
http://www.Mach1Global.com/mach1_global_freight_logistics_news_details.php?id=32

Webpage with 4 Emails
http://www.mach1global.com/mach1_global_freight_logistics_news_details.php?id=47

Webpage with 4 Emails
http://www.Mach1Global.com/mach1_global_freight_logistics_news_details.php?id=47

Webpage with 4 Emails
http://www.Mach1Global.com/mach1_global_freight_logistics_news_details.php?id=42

Webpage with 24 Phone Numbers
http://www.mach1global.com/locations_mach1_global_freight_logistics_company.php

Webpage with 24 Phone Numbers
http://www.Mach1Global.com/locations_mach1_global_freight_logistics_company.php

Webpage with 4 Phone Numbers
http://www.mach1global.com/mach1_global_freight_logistics_news_details.php?id=42

Webpage with 4 Phone Numbers
http://www.Mach1Global.com/mach1_global_freight_logistics_news_details.php?id=42

Webpage with 3 Phone Numbers
http://www.Mach1Global.com/mach1_global_freight_logistics_news_details.php?id=32

Primary Address
1530 W. Broadway Road, Tempe, Arizona 85282"
"HMS Global Maritime 3611543687","812-941-9990","hr@hmsgm.com","http://www.hmsgm.com","115 E Market St","New Albany","Indiana","47150","United States","logistics","Webpage with 6 Emails
http://www.hmsgm.com/contact/

Webpage with 4 Emails
http://www.hmsgm.com/about-us/

Webpage with 4 Emails
http://www.hmsgm.com/accomplishments/

Webpage with 4 Emails
http://www.hmsgm.com/locations/

Webpage with 3 Emails
http://www.hmsgm.com/search-jobs/

Webpage with 11 Phone Numbers
http://www.hmsgm.com/where-we-operate/

Webpage with 10 Phone Numbers
http://www.hmsgm.com/locations/

Webpage with 3 Phone Numbers
http://www.hmsgm.com/employees/benefits/?tp=1311

Webpage with 2 Phone Numbers
http://www.hmsgm.com/careers

Webpage with 2 Phone Numbers
http://www.hmsgm.com/search-jobs/

Primary Address
115 E. Market Street New Albany, IN 47150"
"K&L Freight Management 2792300297","800-770-9007","sstevens@kandlfreight.com","http://www.KandLFreight.com","745 N Rohlwing Rd","Addison","Illinois","60101","United States","logistics","Webpage with 40 Emails
http://www.kandlfreight.com/ContactUs.aspx

Webpage with 40 Emails
http://www.KandLFreight.com/ContactUS.aspx

Webpage with 40 Emails
http://www.KandLFreight.com/ContactUs.aspx

Webpage with 40 Emails
http://www.kandlfreight.com/ContactUS.aspx

Webpage with 2 Emails
http://www.kandlfreight.com/PrivacyPolicy.aspx

Webpage with 7 Phone Numbers
http://www.KandLFreight.com/ContactUs.aspx

Webpage with 7 Phone Numbers
http://www.kandlfreight.com/ContactUs.aspx

Webpage with 7 Phone Numbers
http://www.kandlfreight.com/ContactUS.aspx

Webpage with 7 Phone Numbers
http://www.KandLFreight.com/ContactUS.aspx

Webpage with 1 Phone Numbers
http://www.kandlfreight.com/forwardersandbrokers.aspx

Primary Address
745 South Rohlwing Road, Addison, IL 60101"
"Quality Services Moving 7898628267","703-495-8900","jobs@qsmoving.com","http://www.QSMoving.com","10595 Furnace Rd","Lorton","Virginia","22079","United States","logistics","Webpage with 19 Emails
http://www.qsmoving.com/careers.html

Webpage with 19 Emails
http://www.QSMoving.com/careers.html

Webpage with 2 Emails
http://www.qsmoving.com/privacy_policy.html

Webpage with 2 Emails
http://www.QSMoving.com/privacy_policy.html

Webpage with 1 Emails
http://www.QSMoving.com/survey.html

Webpage with 5 Phone Numbers
http://www.qsmoving.com/international.html

Webpage with 5 Phone Numbers
http://www.qsmoving.com/contact.html

Webpage with 5 Phone Numbers
http://www.QSMoving.com/international.html

Webpage with 5 Phone Numbers
http://www.QSMoving.com/contact.html

Webpage with 4 Phone Numbers
http://www.qsmoving.com/careers.html

Primary Address
10595 Furnace Road, Suite 140 Lorton VA 22079"
"Intelligent Logistics 5422661357","866-849-5326","","http://www.inlogistics.com","201 E Howard Ln","Austin","Texas","78753","United States","logistics","Webpage with 2 Phone Numbers
http://www.inlogistics.com/services/project-management/

Webpage with 2 Phone Numbers
http://www.inlogistics.com/services/warehouse-inventory-management/

Webpage with 2 Phone Numbers
http://www.inlogistics.com/services/local-cartage/

Webpage with 2 Phone Numbers
http://www.inlogistics.com/services/international-forwarding/

Webpage with 2 Phone Numbers
http://www.inlogistics.com/services/domestic-forwarding/

Primary Address
15px 1100 E Howard Lane Suite 300 Austin, TX 78753"
"Ace Van & Storage Company 3122700382","800-745-6683","Michelle.Ball@invan.com","http://moveinterstate.com","5803 Rolling Rd","Springfield","Virginia","22152","United States","logistics","Webpage with 31 Emails
http://moveinterstate.com/contact/staff-directory

Webpage with 11 Emails
http://moveinterstate.com/newsroom/press-releases?page=1

Webpage with 8 Emails
http://www.moveinterstate.com/contact

Webpage with 8 Emails
http://moveinterstate.com/contact

Webpage with 7 Emails
http://moveinterstate.com/newsroom/interstate-promotes-sang-han-chief-financial-officer

Webpage with 38 Phone Numbers
http://moveinterstate.com/contact/staff-directory

Webpage with 19 Phone Numbers
http://moveinterstate.com/newsroom/press-releases?page=1

Webpage with 13 Phone Numbers
http://moveinterstate.com/newsroom/press-releases

Webpage with 13 Phone Numbers
http://www.moveinterstate.com/newsroom/press-releases

Webpage with 11 Phone Numbers
http://moveinterstate.com/category/tags/interstate-worldwide

Primary Address
5801 Rolling Road Springfield, Virginia 22152"
"Jung Express 2147819697","800-597-4144","junglogistics@jungexpress.com","http://junglogistics.com","201 W Air Cargo Way","Milwaukee","Wisconsin","53207","United States","logistics","Webpage with 4 Emails
http://www.junglogistics.com/contact.php

Webpage with 4 Emails
http://junglogistics.com/contact.php

Webpage with 4 Phone Numbers
http://www.junglogistics.com/contact.php

Webpage with 4 Phone Numbers
http://junglogistics.com/contact.php

Webpage with 2 Phone Numbers
http://www.junglogistics.com/drivers.php

Webpage with 2 Phone Numbers
http://www.junglogistics.com/foundation.php

Webpage with 2 Phone Numbers
http://www.junglogistics.com/services.php

Primary Address
201 WEST AIR CARGO WAY MILWAUKEE, WI 53207"
"ATDynamics 9492843871","888-283-8245","info@atdynamics.com","http://www.ATDynamics.com","3150 Corporate Pl","Hayward","California","94545","United States","logistics","Webpage with 31 Emails
http://www.atdynamics.com/team.htm

Webpage with 31 Emails
http://atdynamics.com/team.htm

Webpage with 31 Emails
http://www.ATDynamics.com/team.htm

Webpage with 10 Emails
http://www.atdynamics.com/contact.htm

Webpage with 10 Emails
http://atdynamics.com/contact-international.htm

Webpage with 5 Phone Numbers
http://www.atdynamics.com/install.htm

Webpage with 5 Phone Numbers
http://www.ATDynamics.com/contact.htm

Webpage with 5 Phone Numbers
http://www.atdynamics.com/contact.htm

Webpage with 5 Phone Numbers
http://www.ATDynamics.com/install.htm

Webpage with 5 Phone Numbers
http://atdynamics.com/install.htm

Primary Address
3150 Corporate Place Hayward, CA 94545"
"IntegraCore 7130434624","800-245-8142","dmaughan@integracore.com","http://www.integracore.com","750 Maxham Rd","Lithia Springs","Georgia","30122","United States","logistics","Webpage with 6 Emails
http://www.integracore.com/contact-us/

Webpage with 4 Emails
http://www.integracore.com/blog/category/uncategorized/

Webpage with 4 Emails
http://www.integracore.com/blog/page/2/

Webpage with 4 Emails
http://www.integracore.com/contactus.php

Webpage with 4 Emails
http://integracore.com/contactus.php

Webpage with 6 Phone Numbers
http://www.integracore.com/atlanta/contact-us/

Webpage with 6 Phone Numbers
http://www.integracore.com/atlanta/products-and-services/third-party-logistics/

Webpage with 6 Phone Numbers
http://www.integracore.com/atlanta/who-we-service/international-business/

Webpage with 6 Phone Numbers
http://www.integracore.com/atlanta/who-we-service/

Webpage with 6 Phone Numbers
http://www.integracore.com/atlanta/about-us/core-beliefs-and-values/

Primary Address
750 Maxham Road, Suite 400 Lithia Springs, GA 30122"
"Coyote Logistics 3368173426","773-365-6020","jodi.navta@coyote.com","http://www.coyote.com","2545 W Diversey Ave","Chicago","Illinois","60647","United States","logistics","Webpage with 3 Emails
http://www.coyote.com/terms

Webpage with 3 Emails
http://coyote.com/terms

Webpage with 3 Emails
http://www.coyote.com/termsprivacy/

Webpage with 2 Emails
http://www.coyote.com/press/coyote-named-to-inc-magazine-hire-power-awards-honoring-america-s-100-top-job-creators

Webpage with 2 Emails
http://www.coyote.com/press/coyote-logistics-ranks-1-icic-and-fortune-magazine-s-inner-city-100-winners

Webpage with 4 Phone Numbers
http://www.coyote.com/contact-us

Webpage with 4 Phone Numbers
http://coyote.com/contact-us

Webpage with 2 Phone Numbers
http://coyote.com/terms

Webpage with 2 Phone Numbers
http://www.coyote.com/termsprivacy/

Webpage with 2 Phone Numbers
http://www.coyote.com/press/coyote-raises-over-130-000-for-st-jude-children-s-research-hospital

Primary Address
2545 W. Diversey Ave. Chicago, IL 60647"
"Artur Express 3670173679","","","://","","","","","","logistics",""
"Fulfillment Strategies International 7105703219","800-979-9012","Sales@fsifulfillment.com","http://www.fsifulfillment.com","7800 The Bluffs SW","Austell","Georgia","30168","United States","logistics","Webpage with 16 Emails
http://www.fsifulfillment.com/blog/author/Linda-Williamson.aspx

Webpage with 10 Emails
http://www.fsifulfillment.com/index2009-fsicontacts.htm

Webpage with 8 Emails
http://www.fsifulfillment.com/fulfillment-company.htm

Webpage with 8 Emails
http://www.fsifulfillment.com/web-order-fulfillment.htm

Webpage with 8 Emails
http://www.fsifulfillment.com/Pick-and-Pack-Distribution-Yep.htm

Webpage with 5 Phone Numbers
http://www.fsifulfillment.com/index2009-fsifaq.htm

Webpage with 4 Phone Numbers
http://www.fsifulfillment.com/blog/author/Linda-Williamson.aspx

Webpage with 4 Phone Numbers
http://www.fsifulfillment.com/index2009-fsicontacts.htm

Webpage with 3 Phone Numbers
http://www.fsifulfillment.com/index2009-fsirequestquote.htm

Webpage with 2 Phone Numbers
http://www.fsifulfillment.com/fsi-for-your-east-coast-fulfillment-needs.htm

Primary Address
7800 The Bluffs, Suite C Austell, GA 30168"
"Lighten the Load 1562255960","630-350-8585","","http://www.lightentheloadinc.com","1299 E Irving Park Rd","Itasca","Illinois","60143","United States","logistics","Webpage with 2 Phone Numbers
http://www.lightentheloadinc.com/contact.html

Webpage with 1 Phone Numbers
http://www.lightentheloadinc.com/airfreight.html

Webpage with 1 Phone Numbers
http://www.lightentheloadinc.com/oceanrail.html

Webpage with 1 Phone Numbers
http://www.lightentheloadinc.com/trucking.html

Webpage with 1 Phone Numbers
http://www.lightentheloadinc.com/freightsrchacc.aspx

Primary Address
1395 E. Irving Park Road, Itasca, IL 60143"
"MES 5097087211","740-201-8112","sales@mesinc.net","http://www.mesinc.net","625 Bear Run Ln","Lewis Center","Ohio","43035","United States","logistics","Webpage with 7 Emails
http://mesinc.net/supply-chain-management-locations-in-mexico-china/

Webpage with 7 Emails
http://mesinc.net/mes-global-locations/

Webpage with 3 Emails
http://mesinc.net/improving-service-growing-china-office/

Webpage with 3 Emails
http://mesinc.net/warehousing-and-inventory-solutions-mes-inc-supply-chain-management/

Webpage with 2 Emails
http://mesinc.net/domestic-manufacturing-operations/

Webpage with 5 Phone Numbers
http://mesinc.net/warehousing-and-inventory-solutions-mes-inc-supply-chain-management/

Webpage with 4 Phone Numbers
http://mesinc.net/competing-in-a-global-market-with-supply-chain-management/

Webpage with 4 Phone Numbers
http://mesinc.net/visit-mes-at-amcon-contract-manufacturing-expo/

Webpage with 4 Phone Numbers
http://mesinc.net/mes-improves-lead-times-overcomes-challenges-with-hands-on-supply-chain-management/

Webpage with 4 Phone Numbers
http://mesinc.net/top-global-sourcing-markets/

Primary Address
625 Bear Run, Lewis Center, OH 43035"
"The Logistics Store 9414602824","816-781-0450","mmccoy@thelogisticsstore.com","http://www.TheLogisticsStore.com","26 Westwoods Dr","Liberty","Missouri","64068","United States","logistics","Webpage with 14 Emails
http://www.thelogisticsstore.com/index.php/about-us-2/meet-the-team/

Webpage with 2 Emails
http://www.thelogisticsstore.com/index.php/blog/

Webpage with 2 Emails
http://www.thelogisticsstore.com/index.php/2013/07/refer-a-friend-to-warehousebrain-get-500/

Webpage with 2 Emails
http://www.thelogisticsstore.com/index.php/about-us-2/newsroom/

Webpage with 1 Emails
http://www.thelogisticsstore.com/index.php/contact-us/

Webpage with 4 Phone Numbers
http://www.thelogisticsstore.com/index.php/contact-us/

Webpage with 1 Phone Numbers
http://www.thelogisticsstore.com/index.php/blog/

Webpage with 1 Phone Numbers
http://www.thelogisticsstore.com/index.php/2013/07/refer-a-friend-to-warehousebrain-get-500/

Webpage with 1 Phone Numbers
http://www.thelogisticsstore.com/index.php/careers/

Webpage with 1 Phone Numbers
http://www.thelogisticsstore.com/index.php/about-us-2/newsroom/

Primary Address
26 Westwoods Drive Liberty, MO 64068"
"FreightPros 8675524832","888-297-6968","contact@freightpros.com","http://www.FreightPros.com","3307 Northland Dr","Austin","Texas","78731","United States","logistics","Webpage with 3 Emails
http://www.freightpros.com/privacy-policy/

Webpage with 1 Emails
http://www.freightpros.com/contact/

Webpage with 4 Phone Numbers
http://www.freightpros.com/privacy-policy/

Webpage with 2 Phone Numbers
http://www.freightpros.com/video/know-your-freight-broker/

Webpage with 2 Phone Numbers
http://www.freightpros.com/contact/

Webpage with 1 Phone Numbers
http://www.freightpros.com/freight-shipping/Alabama/freight-rates-from-Alabama-to-kansas

Webpage with 1 Phone Numbers
http://www.freightpros.com/freight-shipping/Alabama/freight-rates-from-Alabama-to-iowa

Primary Address
3307 Northland Dr. Ste. 360 Austin, TX 78731"
"CTG US 4728673117","","","http://www.ctg.us","","","","","","logistics",""
"MyUS.com 3993901886","941-227-4444","cs@workgroup.chat.altrec.com","http://www.myus.com","425 42nd Ave E","Bradenton","Florida","34238","United States","logistics","Webpage with 1 Emails
http://www.myus.com/en/top-usa-stores/altrec/

Webpage with 3 Phone Numbers
http://www.myus.com/en/top-usa-stores/gap/

Webpage with 3 Phone Numbers
http://www.myus.com/en/contact

Webpage with 3 Phone Numbers
http://www.myus.com/en/contact/

Webpage with 2 Phone Numbers
http://www.myus.com/en/tips-faq/login-questions/

Webpage with 2 Phone Numbers
http://www.myus.com/en/tips-faq/dim-weight/

Primary Address
42px 4299 Express Lane Sarasota, FL 34238"
"Pacific Logistics 4241133546","877-422-4752","info@pacific-logistics.com","http://www.Pacific-Logistics.com","7255 Rosemead Blvd","Pico Rivera","California","90660","United States","logistics","Webpage with 4 Emails
http://www.Pacific-Logistics.com/careers/

Webpage with 4 Emails
http://www.Pacific-Logistics.com/contactplc/

Webpage with 4 Emails
http://m.pacific-logistics.com/contact.html

Webpage with 4 Emails
http://www.pacific-logistics.com/contactplc/

Webpage with 4 Emails
http://www.pacific-logistics.com/careers/

Webpage with 16 Phone Numbers
http://www.Pacific-Logistics.com/contactplc/

Webpage with 16 Phone Numbers
http://www.pacific-logistics.com/contactplc/

Webpage with 15 Phone Numbers
http://m.pacific-logistics.com/contact.html

Webpage with 3 Phone Numbers
http://www.Pacific-Logistics.com/resources/claims/howto.php

Webpage with 3 Phone Numbers
http://www.Pacific-Logistics.com/resources/ratequote/

Primary Address
7255 Rosemead Blvd. Pico Rivera, CA 90660"
"R2 Logistics 3216911259","904-345-2400","","http://www.r2logisticsteam.com","824 Childrens Way","Jacksonville","Florida","32207","United States","logistics","Webpage with 8 Phone Numbers
http://www.r2logisticsteam.com/index.php/locations/jacksonville.html

Webpage with 7 Phone Numbers
http://www.r2logisticsteam.com/index.php/locations/columbus.html

Webpage with 7 Phone Numbers
http://www.r2logisticsteam.com/index.php/locations/dallas-tx.html

Webpage with 7 Phone Numbers
http://www.r2logisticsteam.com/index.php/locations/detroit-mi.html

Webpage with 7 Phone Numbers
http://www.r2logisticsteam.com/index.php/join-r2logistics.html

Primary Address
824 Children s Way, Jacksonville, FL 32207"
"PetRelocation.com 4088713339","512-362-6100","info@petrelocation.com","http://www.petrelocation.com","612 Brazos St","Austin","Texas","78701","United States","logistics","Webpage with 11 Emails
http://www.petrelocation.com/resources/international-regulations/argentina

Webpage with 5 Emails
http://www.petrelocation.com/resources/international-regulations/colombia

Webpage with 4 Emails
http://www.petrelocation.com/resources/us-regulations/hawaii

Webpage with 4 Emails
http://www.petrelocation.com/blog/pet-taxi

Webpage with 3 Emails
http://www.petrelocation.com/resources/international-regulations/belgium

Webpage with 8 Phone Numbers
http://www.petrelocation.com/resources/us-regulations/hawaii

Webpage with 7 Phone Numbers
http://www.petrelocation.com/resources/us-regulations/alaska

Webpage with 7 Phone Numbers
http://www.petrelocation.com/resources/international-regulations/united-states

Webpage with 7 Phone Numbers
http://www.petrelocation.com/blog/pet-taxi

Webpage with 7 Phone Numbers
http://www.petrelocation.com/blog/pet-shippers

Primary Address
612 Brazos St. Austin, TX 78701"
"ETS International 9495747508","888-366-3388","info@etsintl.net","http://www.etsintl.net","57 Teed Dr","Randolph","Massachusetts","02368","United States","logistics","Webpage with 38 Emails
http://www.etsintl.net/contact-us/

Webpage with 38 Emails
http://drive.etsintl.net/contact/

Webpage with 5 Emails
http://www.etsintl.net/services/limousine-service/

Webpage with 4 Emails
http://www.etsintl.net/services/luxury-car-service/

Webpage with 4 Emails
http://drive.etsintl.net/boston-logan-airport-transportation/

Webpage with 32 Phone Numbers
http://www.etsintl.net/contact-us/

Webpage with 32 Phone Numbers
http://drive.etsintl.net/contact/

Webpage with 6 Phone Numbers
http://www.etsintl.net/about-us/logan-airport-meeting-instructions/

Webpage with 4 Phone Numbers
http://www.etsintl.net/services/weddings/

Webpage with 3 Phone Numbers
http://www.etsintl.net/services/limousine-service/

Primary Address
57 Teed Drive Randolph, MA 02368"
"Promofill 6001945263","800-815-1505","sales@promofill.com","http://www.Promofill.com","67 Fairbanks","Irvine","California","92618","United States","logistics","Webpage with 7 Emails
http://www.promofill.com/company/contact-us/

Webpage with 5 Emails
http://www.promofill.com/company/careers/

Webpage with 5 Emails
http://www.promofill.com/company/privacy-policy-3/

Webpage with 4 Emails
http://www.promofill.com/client-services-representative/

Webpage with 4 Emails
http://www.promofill.com/operations-managerdirector-of-operations/

Webpage with 9 Phone Numbers
http://www.promofill.com/company/contact-us/

Webpage with 1 Phone Numbers
http://www.promofill.com/news/promotional-fulfillment-services-inc-announces-relocation-plans-for-its-west-coast-distribution-center-located-at-67-fairbanks-avenue-irvine-ca-92618-orange-county-ca/

Webpage with 1 Phone Numbers
http://www.promofill.com/company/privacy-policy-3/

Primary Address
67 Fairbanks Avenue, Irvine, CA 92618"
"Jetpool 2510132462","866-981-0382","julie@flyjetpool.com","http://www.flyjetpool.com","4690 First Flight Dr","Charlotte","North Carolina","28208","United States","logistics","Webpage with 2 Emails
http://flyjetpool.com/news-events/jetpool-private-business-aviation-appoints-new-director-of-operations/

Webpage with 2 Emails
http://flyjetpool.com/news-events/jetpool-announces-new-service-offerings-and-expanded-roles-for-key-executives/

Webpage with 2 Emails
http://flyjetpool.com/services/charter/

Webpage with 2 Emails
http://flyjetpool.com/news-events/jetpool-private-business-aviation-announces-king-air-200-as-newest-aircraft-to-their-growing-fleet/

Webpage with 1 Emails
http://flyjetpool.com/misc/jetpool-approved-for-charter-flights-to-canada/

Webpage with 5 Phone Numbers
http://flyjetpool.com/news-events/jetpool-private-business-aviation-appoints-new-director-of-operations/

Webpage with 5 Phone Numbers
http://flyjetpool.com/news-events/jetpool-private-business-aviation-announces-king-air-200-as-newest-aircraft-to-their-growing-fleet/

Webpage with 5 Phone Numbers
http://flyjetpool.com/news-events/jetpool-announces-new-service-offerings-and-expanded-roles-for-key-executives/

Webpage with 4 Phone Numbers
http://flyjetpool.com/services/charter/

Webpage with 4 Phone Numbers
http://flyjetpool.com/shares

Primary Address
4690 First Flight Drive Charlotte, NC 28208"
"A1 Express Delivery Service 9836123977","800-268-7437","csdept@1-800courier.com","http://www.1-800courier.com","924 San Rafael Ave","Mountain View","California","94043","United States","logistics","Webpage with 3 Emails
http://www.1-800courier.com/scheduled-delivery.asp

Webpage with 3 Emails
http://www.1-800courier.com/nationwide-courier-services.asp

Webpage with 3 Emails
http://www.1-800courier.com/same-day-courier-service.asp

Webpage with 2 Emails
http://www.1-800courier.com/news/privacy.aspx

Webpage with 1 Emails
http://www.1-800courier.com/terms-of-service/account-numbers.asp

Webpage with 7 Phone Numbers
http://www.1-800courier.com/contact.asp

Webpage with 4 Phone Numbers
http://www.1-800courier.com/terms-of-service/claims.asp

Webpage with 4 Phone Numbers
http://www.1-800courier.com/terms-of-service/account-numbers.asp

Webpage with 4 Phone Numbers
http://www.1-800courier.com/terms-of-service/collect-on-delivery.asp

Webpage with 4 Phone Numbers
http://www.1-800courier.com/terms-of-service/billing-terms.asp

Primary Address
924 San Rafael Ave Mountain View, CA 94043"
"Infinity Publishing Group 5747919785","301-702-6489","support@USAutos.net","http://www.USAutos.net","","","","03060","","logistics","Webpage with 1 Emails
http://www.USAutos.net/cars-for-sale/11554725/2011-BMW-1%20Series/-/Tulley-Bmw

Webpage with 1 Emails
http://www.USAutos.net/cars-for-sale/11477251/2009-BMW-1%20Series/-/Automax-Preowned-Framingham

Webpage with 1 Emails
http://www.USAutos.net/cars-for-sale/11477213/2009-BMW-1%20Series/-/Automax-Preowned-Framingham

Webpage with 1 Emails
http://www.USAutos.net/cars-for-sale/11554770/2009-BMW-1%20Series/-/Tulley-Bmw

Webpage with 1 Emails
http://www.USAutos.net/cars-for-sale/11554759/2011-BMW-1%20Series/-/Tulley-Bmw

Webpage with 13 Phone Numbers
http://jacksonville.usautos.net

Webpage with 10 Phone Numbers
http://www.USAutos.net/cars-for-sale/index.php?miles=70&zipcode=63101

Webpage with 2 Phone Numbers
http://www.USAutos.net/cars-for-sale/index.php?miles=70&zipcode=95816

Webpage with 2 Phone Numbers
http://www.USAutos.net/cars-for-sale/index.php?miles=70&zipcode=31404

Webpage with 2 Phone Numbers
http://www.USAutos.net/cars-for-sale/index.php?miles=70&zipcode=40502

Primary Address
10px 0 Tulley Bmw 147 Daniel Webster HWY 03060"
"USA Truck Brokers 2619468203","305-819-3000","info@usatruckbrokers.com","http://www.usatruckbrokers.com","7999 W 33rd Ln","Hialeah","Florida","33018","United States","logistics","Webpage with 32 Emails
http://www.usatruckbrokers.com/contact-us.html

Webpage with 4 Emails
http://www.usatruckbrokers.com/sitemap.html

Webpage with 2 Emails
http://www.usatruckbrokers.com/company.html

Webpage with 2 Emails
http://www.usatruckbrokers.com/carriers-faq.html

Webpage with 2 Emails
http://www.usatruckbrokers.com/carriers-requierments.html

Webpage with 31 Phone Numbers
http://www.usatruckbrokers.com/contact-us.html

Webpage with 4 Phone Numbers
http://www.usatruckbrokers.com/company.html

Webpage with 4 Phone Numbers
http://www.usatruckbrokers.com/carriers-faq.html

Webpage with 4 Phone Numbers
http://www.usatruckbrokers.com/mission-statement.html

Webpage with 4 Phone Numbers
http://www.usatruckbrokers.com/privacy-policy.html

Primary Address
8200 W. 33rd Ave, Bay 12, Hialeah, FL 33018"
"Fortis Riders 5902039808","864-272-3400","info@fortisnet.com","http://www.fortisnet.com","200 N Main St","Greenville","South Carolina","29601","United States","logistics","Webpage with 1 Emails
http://www.fortisnet.com/register.html

Webpage with 3 Phone Numbers
http://www.fortisnet.com/contact.html

Webpage with 2 Phone Numbers
http://www.fortisnet.com/services.html

Webpage with 1 Phone Numbers
http://www.fortisnet.com/index.html

Webpage with 1 Phone Numbers
http://www.fortisnet.com/safety.html

Webpage with 1 Phone Numbers
http://www.fortisnet.com/register.html

Primary Address
200 North Main Street, Suite 303 Greenville, SC 29601"
"Freightquote 3350524881","800-323-5441","contactus@freightquote.com","http://www.freightquote.com","699 Carondelet Dr","Kansas City","Missouri","64114","United States","logistics","Webpage with 11 Emails
http://www.freightquote.com/privacy-policy.aspx

Webpage with 4 Emails
http://www.freightquote.com/tour/tour_book.aspx

Webpage with 4 Emails
http://www.freightquote.com/tour/

Webpage with 4 Emails
http://www.freightquote.com/news/

Webpage with 4 Emails
http://www.freightquote.com/tour/tour_track.aspx

Webpage with 11 Phone Numbers
http://www.freightquote.com/Contact/

Webpage with 11 Phone Numbers
http://www.freightquote.com/contact/

Webpage with 7 Phone Numbers
http://www.freightquote.com/privacy-policy.aspx

Webpage with 3 Phone Numbers
http://www.freightquote.com/freight/Rates/alabama-to-illinois.aspx

Webpage with 3 Phone Numbers
http://www.freightquote.com/freight/Rates/alabama-to-indiana.aspx

Primary Address
901 West Carondelet Drive Kansas City, MO 64114"
"Powell Christensen 2026155753","509-203-6908","customerservice@repowell.net","http://www.repowell.net","501 E Wine Country Rd","Grandview","Washington","98930","United States","logistics","Webpage with 7 Emails
http://repowell.net/our-team/

Webpage with 3 Emails
http://repowell.net/bill-betterton/

Webpage with 3 Emails
http://repowell.net/gary-christensen/

Webpage with 3 Emails
http://repowell.net/justin-christensen/

Webpage with 3 Emails
http://repowell.net/tony-christensen/

Webpage with 1 Phone Numbers
http://repowell.net/bill-betterton/

Webpage with 1 Phone Numbers
http://repowell.net/justin-christensen/

Webpage with 1 Phone Numbers
http://repowell.net/travis-paulson/

Webpage with 1 Phone Numbers
http://repowell.net/tina-hampton/

Webpage with 1 Phone Numbers
http://repowell.net/tony-christensen/

Primary Address
501 E. Wine Country Rd. Grandview, WA 98930"
"FST Logistics 7253199033","614-529-7900","hrdept@fstlogistics.com","http://www.FSTLogistics.com","5400 Renner Rd","Columbus","Ohio","43228","United States","logistics","Webpage with 4 Emails
http://www.FSTLogistics.com/carriers

Webpage with 4 Emails
http://www.FSTLogistics.com/employment/

Webpage with 4 Emails
http://www.FSTLogistics.com/employment

Webpage with 4 Emails
http://www.FSTLogistics.com/about/approach

Webpage with 3 Emails
http://www.FSTLogistics.com/services/transportation/brokerage

Webpage with 5 Phone Numbers
http://www.FSTLogistics.com/contact.php

Webpage with 5 Phone Numbers
http://www.FSTLogistics.com/contact

Webpage with 3 Phone Numbers
http://www.FSTLogistics.com/carriers

Webpage with 3 Phone Numbers
http://www.FSTLogistics.com/employment/application?page=driver

Webpage with 3 Phone Numbers
http://www.FSTLogistics.com/services/transportation/brokerage

Primary Address
5400 Renner Road, Columbus, OH 43228"
"Fifth Gear 3585120185","800-383-4421","tellmemore@infifthgear.com","http://www.InFifthGear.com","301 Sonoco Dr","Louisiana","Missouri","63353","United States","logistics","Webpage with 4 Emails
http://www.InFifthGear.com/careers

Webpage with 4 Emails
http://www.infifthgear.com/careers

Webpage with 4 Emails
http://www.infifthgear.com/careers/

Webpage with 3 Emails
http://www.InFifthGear.com

Webpage with 3 Emails
http://www.infifthgear.com

Webpage with 5 Phone Numbers
http://www.infifthgear.com/client-login/

Webpage with 2 Phone Numbers
http://www.infifthgear.com/privacy-policy

Webpage with 2 Phone Numbers
http://www.InFifthGear.com/privacy-policy

Webpage with 2 Phone Numbers
http://www.infifthgear.com/contact-fifth-gear/

Webpage with 1 Phone Numbers
http://www.infifthgear.com/

Primary Address
301 Sonoco Drive Louisiana, MO 63353"
"Mayor Logistics 4637699440","877-987-2226","hruiz@mayorusa.com","http://www.mayorusa.com","698 Terminal Way","San Pedro","California","90731","United States","logistics","Webpage with 4 Emails
http://www.mayorusa.com/news/apm-terminals-los-angeles-shipper-owned-chassis-policy

Webpage with 4 Emails
http://www.mayorusa.com/news/lease-to-own-option-seen-viable-in-southern-california-drayage

Webpage with 3 Emails
http://www.mayorusa.com/news/apm-terminals-labor-shortage

Webpage with 3 Emails
http://www.mayorusa.com/news/trac-intermodal-price-increase-01012014

Webpage with 3 Emails
http://www.mayorusa.com/transportation-links/other-links

Webpage with 6 Phone Numbers
http://www.mayorusa.com/news/apm-terminals-labor-shortage

Webpage with 6 Phone Numbers
http://www.mayorusa.com/news/apm-terminals-los-angeles-shipper-owned-chassis-policy

Webpage with 4 Phone Numbers
http://www.mayorusa.com/news/hyundai-merchant-marine-and-direct-chassislink-announce-acquisition

Webpage with 3 Phone Numbers
http://www.mayorusa.com/qualifications

Webpage with 3 Phone Numbers
http://www.mayorusa.com/contact/locations

Primary Address
2500 Navy Way Terminal Island CA 90731"
"Desert Jet 9045499330","760-399-1000","charter@desertjet.com","http://www.desertjet.com","56850 Higgins Dr","Thermal","California","92274","United States","logistics","Webpage with 10 Emails
http://www.desertjet.com/desert-jet-adds-citation-bravo/

Webpage with 8 Emails
http://www.desertjet.com/desert-jet-adds-seventh-jet-to-its-charter-fleet/

Webpage with 8 Emails
http://www.desertjet.com/contact-us/

Webpage with 8 Emails
http://www.desertjet.com/desert-jet-adds-a-citation-cj3-to-its-charter-fleet/

Webpage with 8 Emails
http://www.desertjet.com/aircraft-charter/faq/

Webpage with 6 Phone Numbers
http://www.desertjet.com/aircraft-charter/faq/

Webpage with 5 Phone Numbers
http://www.desertjet.com/aircraft-charter/fleet/

Webpage with 5 Phone Numbers
http://www.desertjet.com/fleet/

Webpage with 5 Phone Numbers
http://www.desertjet.com/contact-us/

Webpage with 5 Phone Numbers
http://www.desertjet.com/fleet

Primary Address
56850 Higgins Dr Thermal, CA 92274"
"Meathead Movers 1483748453","","","://","","","","","","logistics",""
"HireAHelper.com 9060360797","800-995-5003","legal@hireahelper.com","http://www.HireAHelper.com","","Oceanside","California","92052","United States","logistics","Webpage with 10 Emails
https://www.hireahelper.com/sign-up/

Webpage with 10 Emails
https://www.hireahelper.com/contact/

Webpage with 4 Emails
http://www.hireahelper.com/provider-terms/

Webpage with 4 Emails
http://www.HireAHelper.com/provider-terms/

Webpage with 3 Emails
http://www.HireAHelper.com/general-terms/

Webpage with 9 Phone Numbers
http://www.HireAHelper.com/faq/

Webpage with 9 Phone Numbers
http://www.hireahelper.com/faq/

Webpage with 2 Phone Numbers
http://www.HireAHelper.com/general-terms/

Webpage with 2 Phone Numbers
http://www.hireahelper.com/general-terms/

Webpage with 1 Phone Numbers
http://www.HireAHelper.com/movers/new-york_ny/qs-moving-corp/

Primary Address
PO Box 5829 Oceanside CA 92052"
"Teddy's Transportation System 2168199712","800-888-3339","employment@teddyslimo.com","http://www.TeddysLimo.com","25 Van Zant St","Norwalk","Connecticut","06855","United States","logistics","Webpage with 6 Emails
http://www.TeddysLimo.com/about-us/careers.htm

Webpage with 6 Emails
http://www.teddyslimo.com/about-us/careers.htm

Webpage with 6 Emails
http://www.Teddyslimo.com/about-us/careers.htm

Webpage with 2 Emails
http://www.teddyslimo.com/rewards/redeem.html

Webpage with 2 Emails
http://www.Teddyslimo.com/rewards/redeem.html

Webpage with 7 Phone Numbers
http://www.TeddysLimo.com/About-Us/pressreleases/teddys-adds-king-limousine.html

Webpage with 7 Phone Numbers
http://www.teddyslimo.com/about-us/pressreleases/teddys-adds-king-limousine.html

Webpage with 7 Phone Numbers
http://www.TeddysLimo.com/about-us/pressreleases/teddys-adds-king-limousine.html

Webpage with 6 Phone Numbers
http://www.teddyslimo.com/about-us/pressreleases/fastest-growning-2008.html

Webpage with 6 Phone Numbers
http://www.teddyslimo.com/about-us/pressreleases/fast-growing-firstquarter.html

Primary Address
25 Van Zant Street, Norwalk, CT 06855"
"Transit Systems 2631568155","800-626-1257","info@transitsystems.com","http://www.TransitSystems.com","999 Eagle Rd","Wayne","Pennsylvania","19087","United States","logistics","Webpage with 3 Emails
http://www.transitsystems.com/faq

Webpage with 3 Emails
http://www.transitsystems.com/faq/

Webpage with 2 Emails
http://www.transitsystems.com/senior_moves/

Webpage with 2 Emails
http://www.transitsystems.com/privacy/

Webpage with 6 Phone Numbers
http://www.transitsystems.com/mover_reviews/

Webpage with 6 Phone Numbers
http://www.transitsystems.com/mover_reviews

Webpage with 5 Phone Numbers
http://www.transitsystems.com/ship_mattress/

Webpage with 5 Phone Numbers
http://www.transitsystems.com/ship_mattress

Webpage with 4 Phone Numbers
http://www.transitsystems.com/bed_shipping/

Primary Address
999 Old Eagle School Rd., Ste 114 Wayne, PA 19087"
"Access Worldwide 8553204672","877-564-8581","sales@accessworldwide.net","http://www.accessworldwide.net","5192 Southridge Pkwy","Atlanta","Georgia","30349","United States","logistics","Webpage with 3 Emails
http://www.accessworldwide.net/cart/login.php

Webpage with 3 Emails
http://www.accessworldwide.net/cart/e-airbill.php

Webpage with 3 Emails
http://www.accessworldwide.net/cart/e-quote.php

Webpage with 3 Emails
http://www.accessworldwide.net/cart/pickup.php

Webpage with 3 Emails
http://www.accessworldwide.net/cart/downloads.php

Webpage with 2 Phone Numbers
http://www.accessworldwide.net/contact/

Webpage with 2 Phone Numbers
http://www.accessworldwide.net/contact

Webpage with 1 Phone Numbers
http://www.accessworldwide.net/cart/downloads.php

Webpage with 1 Phone Numbers
http://www.accessworldwide.net/cart/pickup.php

Webpage with 1 Phone Numbers
http://www.accessworldwide.net/cart/history.php

Primary Address
5192 Southridge Pkwy, Suite 112 Atlanta, GA 30349"
"Point to Point Transportation Services 8298634337","800-672-8002","","http://www.p2ptransportation.com","","","","","","logistics","Webpage with 3 Phone Numbers
http://www.p2ptransportation.com/contact.asp

Webpage with 1 Phone Numbers
http://www.p2ptransportation.com/default.asp

Webpage with 1 Phone Numbers
http://www.p2ptransportation.com/where-do-you-fit.asp

Webpage with 1 Phone Numbers
http://www.p2ptransportation.com/who-we-are.asp

Webpage with 1 Phone Numbers
http://www.p2ptransportation.com

"
"Bolt Express 4999741582","866-873-2658","dispatch@bolt-express.com","http://www.bolt-express.com","2205 Page Rd","Durham","North Carolina","27703","United States","logistics","Webpage with 10 Emails
http://www.bolt-express.com/aboutus/ourteam.php

Webpage with 6 Emails
http://www.bolt-express.com/contact/contact.php

Webpage with 4 Emails
http://www.bolt-express.com/opportunities/employment.php

Webpage with 4 Emails
http://www.bolt-express.com/opportunities/partnercarrier.php

Webpage with 2 Emails
http://www.bolt-express.com/owneroperators/application.php

Webpage with 10 Phone Numbers
http://www.bolt-express.com/contact/agents.php

Webpage with 7 Phone Numbers
http://www.bolt-express.com/contact/operations.php

Webpage with 5 Phone Numbers
http://www.bolt-express.com/aboutus/ourteam.php

Webpage with 3 Phone Numbers
http://www.bolt-express.com/owneroperators/owneroperators.php

Webpage with 2 Phone Numbers
http://www.bolt-express.com/owneroperators/application.php

Primary Address
2206 Page Road Suite 201 Durham, NC 27703"
"Sunset Transportation 2223378351","800-849-6540","info@sunsettrans.com","http://onthemove.sunsettrans.com","11325 Concord Village Ave","Saint Louis","Missouri","63123","United States","logistics","Webpage with 6 Emails
http://www.sunsettrans.com/carriers/

Webpage with 5 Emails
http://www.sunsettrans.com/contact

Webpage with 5 Emails
http://onthemove.sunsettrans.com/contact/?purpose=PayLOGIK%20Carrier%20Sign-Up

Webpage with 5 Emails
http://onthemove.sunsettrans.com/contact/?purpose=News%20Updates%20Sign-up

Webpage with 5 Emails
http://www.sunsettrans.com/contact/?purpose=Available%20Loads%20Alerts%20Sign-Up

Webpage with 6 Phone Numbers
http://www.sunsettrans.com/contact/?purpose=PR%2FNews%20Opportunities

Webpage with 6 Phone Numbers
http://www.sunsettrans.com/contact/

Webpage with 6 Phone Numbers
http://www.sunsettrans.com/contact/?purpose=Job%20Inquiry%2FResume

Webpage with 6 Phone Numbers
http://onthemove.sunsettrans.com/contact/?purpose=PayLOGIK%20Carrier%20Sign-Up

Webpage with 6 Phone Numbers
http://www.sunsettrans.com/contact/?purpose=Billing%2FPayables%20Inquiries

Primary Address
11325 Concord Village Avenue St. Louis, MO 63123"
"US Logistics 5404337561","800-226-4054","carrier@uslfreight.com","http://www.USLFreight.com","7611 Cheviot Rd","Cincinnati","Ohio","45247","United States","logistics","Webpage with 2 Emails
http://www.uslfreight.com/contact.html

Webpage with 1 Emails
http://www.uslfreight.com/claimstatus.html

Webpage with 1 Emails
http://www.uslfreight.com/pod-request.html

Webpage with 1 Emails
http://www.uslfreight.com/quote-request.html

Webpage with 1 Emails
http://www.uslfreight.com/check-call.html

Webpage with 2 Phone Numbers
http://www.uslfreight.com/contact.html

Webpage with 1 Phone Numbers
http://www.uslfreight.com/after-hours-support.html

Webpage with 1 Phone Numbers
http://www.uslfreight.com/claim-resolution.html

Webpage with 1 Phone Numbers
http://www.uslfreight.com/full-commissions.html

Webpage with 1 Phone Numbers
http://www.uslfreight.com/personal-attention.html

Primary Address
7611 Cheviot Rd, Ste. 105 Cincinnati, OH 45247"
"Transportation Insight 5561997543","877-226-9950","info@transportationinsight.com","http://www.transportationinsight.com","328 1st Ave NW","Hickory","North Carolina","28601","United States","logistics","Webpage with 6 Emails
http://www.transportationinsight.com/domestic/freight-bill-accuracy/

Webpage with 5 Emails
http://www.transportationinsight.com/domestic/logistics/

Webpage with 5 Emails
http://www.transportationinsight.com/domestic/

Webpage with 4 Emails
http://www.transportationinsight.com/consulting/

Webpage with 4 Emails
http://www.transportationinsight.com/consulting/supply-chain-consulting/

Webpage with 5 Phone Numbers
http://www.transportationinsight.com/news-events/news-releases/2009/08/strategic-partnership-alliance/

Webpage with 4 Phone Numbers
http://www.transportationinsight.com/news-events/news-releases/2011/03/total-insight-releases-offerings-2q-4q-2011/

Webpage with 4 Phone Numbers
http://www.transportationinsight.com/about-us/contact/

Webpage with 4 Phone Numbers
http://www.transportationinsight.com/news-events/news-releases/2009/06/total-insight-acquires-united-sourcing-alliance/

Webpage with 3 Phone Numbers
http://www.transportationinsight.com/news-events/news-releases/2009/07/united-sourcing-alliance-partners-cost-analysts/

Primary Address
328 1st Avenue NW, Hickory, NC 28601"
"Crane Worldwide Logistics 6320465567","202-783-7971","GeneralInquiries@craneww.com","http://www.CraneWW.com","1398 Rankin Rd","Houston","Texas","77073","United States","logistics","Webpage with 5 Emails
http://www.craneww.com/contact-us/

Webpage with 3 Emails
http://www.craneww.com/privacy-policy/

Webpage with 2 Emails
http://www.craneww.com/compliance-quality/mbe-partner/

Webpage with 1 Phone Numbers
http://www.craneww.com/category/industry-alerts/page/14/

Webpage with 1 Phone Numbers
http://www.craneww.com/contact-us/

Primary Address
1500 Rankin Road, Houston, Texas 77073"
"LimoLink 4818940385","877-798-5466","careers@limolink.com","http://LimoLink.com","703 Tama St","Cedar Rapids","Iowa","52302","United States","logistics","Webpage with 8 Emails
https://www.limolink.com/contact-us/

Webpage with 3 Emails
https://www.limolink.com/chauffeured-services/travel-agencies/

Webpage with 3 Emails
https://www.limolink.com/chauffeured-services/meetings-events/

Webpage with 3 Emails
https://www.limolink.com/chauffeured-services/roadshows/

Webpage with 3 Emails
https://www.limolink.com/chauffeured-services/executive-travel/

Webpage with 8 Phone Numbers
https://www.limolink.com/contact-us/

Webpage with 4 Phone Numbers
https://www.limolink.com/news/page/2/

Webpage with 4 Phone Numbers
https://www.limolink.com/category/news-press-releases/page/2/

Webpage with 3 Phone Numbers
https://www.limolink.com/chauffeured-services/executive-travel/

Webpage with 3 Phone Numbers
https://www.limolink.com/chauffeured-services/meetings-events/

Primary Address
701 Tama Street, Building A Marion, IA 52302"
"Gazelle Transportation 4237522375","661-303-4664","contact@gazelletrans.com","http://gazelletrans.com","3150 Garrity Way","San Pablo","California","94806","United States","logistics","Webpage with 3 Emails
http://gazelletrans.com/employment/

Webpage with 3 Emails
http://gazelletrans.com/employment

Webpage with 2 Emails
http://gazelletrans.com/events/job-fair-midland-tx-2014-01-15/

Webpage with 2 Emails
http://gazelletrans.com/locations/casper-terminal/

Webpage with 2 Emails
http://gazelletrans.com/events/open-house-casper-wy-2014-01-15/

Webpage with 2 Phone Numbers
http://gazelletrans.com/contact

Webpage with 2 Phone Numbers
http://gazelletrans.com/contact/

Webpage with 1 Phone Numbers
http://gazelletrans.com/events/open-house-casper-wy-2014-01-15/

Webpage with 1 Phone Numbers
http://gazelletrans.com/events/job-fair-midland-tx-2014-01-15/

Webpage with 1 Phone Numbers
http://gazelletrans.com/events/job-fair-midland-tx-2014-01-08/

Primary Address
3150 Garrity Way Richmond, CA 94806"
"AFS 1049138685","214-621-6530","info@afs.net","http://afs.net","330 Marshall St","Shreveport","Louisiana","71101","United States","logistics","Webpage with 6 Emails
http://home.afs.net/privacy-policy/

Webpage with 2 Emails
http://home.afs.net/contact/

Webpage with 2 Emails
http://home.afs.net/?p=823

Webpage with 1 Emails
http://home.afs.net/afs-acquires-parcel-audit-firm-tracback-solutions/

Webpage with 1 Emails
http://home.afs.net/?p=1052

Webpage with 1 Phone Numbers
http://home.afs.net/afs-acquires-parcel-audit-firm-tracback-solutions/

Webpage with 1 Phone Numbers
http://home.afs.net/?p=1052

Webpage with 1 Phone Numbers
http://home.afs.net/contact/

Primary Address
330 Marshall St., Suite 400 Shreveport, LA 71101"
"Logos Logistics 7812842271","734-403-1777","info@logoslogisticsinc.com","http://www.LogosLogisticsInc.com","8923 Inkster Rd","Taylor","Michigan","48180","United States","logistics","Webpage with 13 Emails
http://www.LogosLogisticsInc.com/contact.html

Webpage with 3 Emails
http://www.LogosLogisticsInc.com/about_us.html

Webpage with 2 Emails
http://www.LogosLogisticsInc.com/newhiring.html

Webpage with 2 Emails
http://www.LogosLogisticsInc.com/packageforwarding.html

Webpage with 1 Emails
http://www.LogosLogisticsInc.com/

Webpage with 3 Phone Numbers
http://www.LogosLogisticsInc.com/contact.html

Webpage with 1 Phone Numbers
http://www.LogosLogisticsInc.com/about_us.html

Primary Address
8923 Inkster Rd. Taylor, MI 48180"
"Trans-Expedite 7478655921","866-480-9100","","http://www.trans-expedite.com","5801 Wayne Rd","Romulus","Michigan","48174","United States","logistics","Webpage with 19 Phone Numbers
http://www.trans-expedite.com/index.php?option=com_content&view=article&id=26&Itemid=44

Webpage with 2 Phone Numbers
http://www.trans-expedite.com/index.php?option=com_content&view=article&id=2&Itemid=3

Webpage with 2 Phone Numbers
http://www.trans-expedite.com/index.php?option=com_content&view=article&id=1&Itemid=40

Webpage with 2 Phone Numbers
http://www.trans-expedite.com/index.php?option=com_content&view=article&id=1&Itemid=22

Webpage with 2 Phone Numbers
http://www.trans-expedite.com/index.php?option=com_content&view=article&id=1&Itemid=21

Primary Address
14px 11895 Wayne Rd, Unit 100 Romulus, MI 48174"
"BirdDog Solutions 3266049944","800-464-3137","sales@birddog.com","http://www.birddog.com","10 New England Bus Ctr Dr","Andover","Massachusetts","01810","United States","logistics","Webpage with 16 Emails
http://www.birddog.com/contact-us

Webpage with 16 Emails
http://www.birddog.com/contact/

Webpage with 16 Emails
http://birddog.com/contact/

Webpage with 16 Emails
http://birddog.com/contact-us

Webpage with 16 Emails
http://www.birddog.com/contact-us/

Webpage with 4 Phone Numbers
http://www.birddog.com/contact-us/

Webpage with 4 Phone Numbers
http://www.birddog.com/contact-us

Webpage with 4 Phone Numbers
http://birddog.com/contact-us/

Webpage with 4 Phone Numbers
http://www.birddog.com/contact/

Webpage with 4 Phone Numbers
http://birddog.com/contact-us

Primary Address
10 New England Business Center Andover, MA 01810"
"Pathmark Transportation 1901555610","800-844-1555","info@pathmarktrans.com","http://www.pathmarktrans.com","2875 S Mendenhall Rd","Memphis","Tennessee","38115","United States","logistics","Webpage with 1 Emails
http://pathmarktrans.com/privacy-policy/

Webpage with 5 Phone Numbers
http://pathmarktrans.com/contact-us/

Webpage with 1 Phone Numbers
http://pathmarktrans.com/ltl-login/

Webpage with 1 Phone Numbers
http://pathmarktrans.com/privacy-policy/

Webpage with 1 Phone Numbers
http://pathmarktrans.com/appliance-delivery/

Webpage with 1 Phone Numbers
http://pathmarktrans.com/private-label-3pls/

Primary Address
2875 South Mendenhall Memphis, TN 38115"
"Davis Transportation Services 6974403430","866-303-2847","hrjobs@davisdrivers.com","http://www.DavisDrivers.com","2 Amy Way","Taunton","Massachusetts","02780","United States","logistics","Webpage with 2 Emails
http://www.davisdrivers.com/contact/locations.html

Webpage with 2 Emails
http://www.davisdrivers.com/about/join_davis.html

Webpage with 2 Emails
http://www.DavisDrivers.com/contact/locations.html

Webpage with 2 Emails
http://www.DavisDrivers.com/about/join_davis.html

Webpage with 1 Phone Numbers
http://www.DavisDrivers.com/jobs/job/214104/CDL-Driver

Webpage with 1 Phone Numbers
http://www.DavisDrivers.com/jobs/job/214109/CDL-Route-Driver

Webpage with 1 Phone Numbers
http://www.DavisDrivers.com/jobs/job/214102/CDL-A-Route-Driver

Webpage with 1 Phone Numbers
http://www.DavisDrivers.com/jobs/job/214101/CDL-A-Route-Driver

Webpage with 1 Phone Numbers
http://www.davisdrivers.com/jobs

Primary Address
30a.m.-5 30 a.m. Location Taunton, MA 02780"
"Swiss Teknik 8267995212","602-288-9080","sales@swissteknik.com","http://www.swissteknik.com","","","","","","logistics","Webpage with 24 Emails
http://www.swissteknik.com/contact-us.html

Webpage with 6 Emails
http://www.swissteknik.com/careers.html

Webpage with 4 Emails
http://www.swissteknik.com

Webpage with 4 Emails
http://www.swissteknik.com/

Webpage with 4 Emails
http://www.swissteknik.com/index.html

Webpage with 5 Phone Numbers
http://www.swissteknik.com/contact-us.html

Webpage with 2 Phone Numbers
http://www.swissteknik.com/quality.html

Webpage with 2 Phone Numbers
http://www.swissteknik.com/careers.html

Webpage with 2 Phone Numbers
http://www.swissteknik.com/

Webpage with 2 Phone Numbers
http://www.swissteknik.com/airframes-engines.html

"
"Transportation Impact 3411688077","252-764-2885","bstaton@transportationimpact.com","http://www.TransportationImpact.com","8002 Emerald Dr","Emerald Isle","North Carolina","28594","United States","logistics","Webpage with 5 Emails
http://blog.transportationimpact.com/contact-us/

Webpage with 5 Emails
http://blog.transportationimpact.com/contact-us

Webpage with 4 Emails
http://transportationimpact.com/misc-view/n-c-commissioner-of-small-business-scott-daugherty-to-headline-inaugural-transportation-impact-small-business-forum-at-joslyn-hall/

Webpage with 2 Emails
http://transportationimpact.com/small-package-negotiation/four-steps-to-increase-profits-by-decreasing-parcel-shipping-costs/

Webpage with 2 Emails
http://transportationimpact.com/industry-news/parcel-wars/

Webpage with 20 Phone Numbers
http://blog.transportationimpact.com/driving-results-testimonials/

Webpage with 5 Phone Numbers
http://blog.transportationimpact.com/contact-us

Webpage with 5 Phone Numbers
http://blog.transportationimpact.com/contact-us/

Webpage with 3 Phone Numbers
http://transportationimpact.com/misc-view/n-c-commissioner-of-small-business-scott-daugherty-to-headline-inaugural-transportation-impact-small-business-forum-at-joslyn-hall/

Webpage with 2 Phone Numbers
http://www.transportationimpact.com/sbf

Primary Address
8002 Emerald Drive Ste. B Emerald Isle, NC 28594"
"LJM Consultants 6810527408","631-844-9500","kenwood@myLJM.com","http://www.MyLJM.com","","","","","","logistics","Webpage with 2 Emails
http://www.myljm.com/ups-fedex-rate-increase-audit-2012.php

Webpage with 2 Emails
http://www.myljm.com/fedex-ups-miss-holiday-delivery-deadline.php

Webpage with 2 Emails
http://www.myljm.com/new-ups-fedex-rate-increase.php

Webpage with 2 Emails
http://myljm.com/fedex-ups-miss-holiday-delivery-deadline.php

Webpage with 2 Emails
http://myljm.com/blog/news.php?id=52

Webpage with 1 Phone Numbers
http://www.MyLJM.com/ups-fedex-rate-increase-audit-2011.php

Webpage with 1 Phone Numbers
http://www.myljm.com/blog/news.php?id=51

Webpage with 1 Phone Numbers
http://www.MyLJM.com/ups-fedex-rate-increase-audit-2012.php

Webpage with 1 Phone Numbers
http://myljm.com/contact-ljm-consultants.php?service=analysis

Webpage with 1 Phone Numbers
http://myljm.com/contact-ljm-consultants.php

"
"US Perishables 4015914997","866-294-1189","info@usperishables.com","http://www.USPerishables.com","7700 Edgewater Dr","Oakland","California","94621","United States","logistics","Webpage with 1 Emails
http://usperishables.com/who-we-are/businessprofessional-services/

Webpage with 1 Emails
http://usperishables.com/who-we-are/mission-statement/

Webpage with 1 Emails
http://usperishables.com/who-we-are/team/

Webpage with 1 Emails
http://usperishables.com/who-we-are/

Webpage with 1 Emails
http://usperishables.com/who-we-are/insurance/

Webpage with 3 Phone Numbers
http://usperishables.com/quote-form/

Webpage with 3 Phone Numbers
http://usperishables.com/forms/

Webpage with 3 Phone Numbers
http://usperishables.com/contact-us/

Webpage with 3 Phone Numbers
http://www.USPerishables.com

Webpage with 3 Phone Numbers
http://usperishables.com/home-content-1/

Primary Address
7700 Edgewater Drive, Suite 606 Oakland, CA 94621"
"TTS 5031156280","214-778-0800","careers@tts-us.com","http://www.tts-us.com","2595 Dallas Pkwy","Frisco","Texas","75034","United States","logistics","Webpage with 4 Emails
http://www.tts-us.com/company/community.aspx

Webpage with 2 Emails
http://www.tts-us.com/company/careers.aspx

Webpage with 2 Emails
http://blog.tts-us.com/index.php/non-asset-based-3pls-c-tpat-certification/

Webpage with 1 Emails
http://www.tts-us.com/transitank.aspx

Webpage with 3 Phone Numbers
http://www.tts-us.com/corpcontact.aspx

Webpage with 2 Phone Numbers
http://www.tts-us.com/landing/customer.aspx

Webpage with 2 Phone Numbers
http://www.tts-us.com/landing/carrier.aspx

Webpage with 2 Phone Numbers
http://www.tts-us.com/DriverEventLine.aspx

Webpage with 2 Phone Numbers
http://blog.tts-us.com/index.php/non-asset-based-3pls-c-tpat-certification/

Primary Address
2595 Dallas Parkway, Suite 300 Frisco, Texas 75034"
"Logistic Dynamics 2712567217","800-554-3734","links@logisticdynamics.com","http://www.LogisticDynamics.com","1140 Wehrle Dr","Buffalo","New York","14221","United States","logistics","Webpage with 11 Emails
http://www.LogisticDynamics.com/Links/page.asp?NAV=2&CategoryID=20&category_name=Trucking%20&sort=0

Webpage with 11 Emails
http://www.logisticdynamics.com/Links/page.asp?NAV=2&CategoryID=20&category_name=Trucking%20&sort=0

Webpage with 10 Emails
http://www.logisticdynamics.com/Links/page.asp?CategoryID=23&Category_Name=Trucking%20&%20Logistics%20-%20Software

Webpage with 10 Emails
http://www.logisticdynamics.com/Links/page.asp?CategoryID=20&Category_Name=Trucking%20&%20Logistics%20-%20Employment

Webpage with 10 Emails
http://www.logisticdynamics.com/Links/page.asp?CategoryID=29&Category_Name=Trucking%20&%20Logistics%20-%20Carriers

Webpage with 5 Phone Numbers
http://www.LogisticDynamics.com/Contact/Contact.aspx

Webpage with 5 Phone Numbers
http://www.logisticdynamics.com/Contact/Contact.aspx

Webpage with 5 Phone Numbers
http://www.LogisticDynamics.com/Contact/contact.aspx

Webpage with 5 Phone Numbers
http://www.logisticdynamics.com/Contact/contact.aspx

Webpage with 4 Phone Numbers
http://www.LogisticDynamics.com/Links/add_link.asp

Primary Address
1140 Wehrle Drive Amherst, NY 14221"
"OSM Worldwide 6366439878","866-681-7867","careers@osmworldwide.com","http://osmworldwide.com","651 Supreme Dr","Bensenville","Illinois","60106","United States","logistics","Webpage with 6 Emails
http://osmworldwide.com/terms-and-conditions

Webpage with 6 Emails
http://www.osmworldwide.com/terms-and-conditions

Webpage with 3 Emails
http://www.osmworldwide.com/the-osm-difference/about-us/careers/

Webpage with 3 Emails
http://osmworldwide.com/the-osm-difference/about-us/careers

Webpage with 3 Emails
http://osmworldwide.com/the-osm-difference/about-us/careers/

Webpage with 4 Phone Numbers
http://www.osmworldwide.com/contact-us

Webpage with 4 Phone Numbers
http://osmworldwide.com/contact-us

Webpage with 3 Phone Numbers
http://www.osmworldwide.com/node/149

Webpage with 3 Phone Numbers
http://osmworldwide.com/news-and-insights/press-releases/05012012-1141

Webpage with 3 Phone Numbers
http://www.osmworldwide.com/node/147

Primary Address
651 Supreme Drive Bensenville, IL 60106"
"Access America Transport 6057312033","","","://","","","","","","logistics",""
"Rockfarm Logistics 8965766250","","","http://www.rockfarmlogistics.com","","","","","","logistics",""
"Load Delivered Logistics 8951560068","312-662-4722","loaddelivered@loaddelivered.com","http://www.loaddelivered.com","12950 Culver Blvd","Los Angeles","California","90066","United States","logistics","Webpage with 6 Emails
http://www.loaddelivered.com/news/load-delivered-logistics-named-finalist-for-2012-illinois-technology-association-citylights-award/

Webpage with 6 Emails
http://loaddelivered.com/news/load-delivered-logistics-named-finalist-for-2012-illinois-technology-association-citylights-award/

Webpage with 4 Emails
http://loaddelivered.com/think-carrier/

Webpage with 4 Emails
http://www.loaddelivered.com/contact-us/

Webpage with 4 Emails
http://www.loaddelivered.com/think-carrier/

Webpage with 2 Phone Numbers
http://loaddelivered.com/news/load-delivered-logistics-named-finalist-for-2012-illinois-technology-association-citylights-award/

Webpage with 2 Phone Numbers
http://www.loaddelivered.com/news/load-delivered-logistics-named-finalist-for-2012-illinois-technology-association-citylights-award/

Webpage with 1 Phone Numbers
http://loaddelivered.com/news/the-next-generation-of-automated-transportation-technology/

Webpage with 1 Phone Numbers
http://loaddelivered.com/news/load-delivered-logistics-launches-blog/

Webpage with 1 Phone Numbers
http://loaddelivered.com/news/load-delivered-increases-supply-chain-efficiency-with-mobile-app/

Primary Address
12950 CULVER BLVD SUITE 150 LOS ANGELES, CA 90066"
"Jarrett Logistics Systems 9695011473","866-823-9954","careers@jarrettlogistics.com","http://www.jarrettlogistics.com","6801 Brecksville Rd","Independence","Ohio","44131","United States","logistics","Webpage with 10 Emails
http://www.jarrettlogistics.com/about/leadership/

Webpage with 2 Emails
http://www.jarrettlogistics.com/services/truckload-services/

Webpage with 2 Emails
http://www.jarrettlogistics.com/career-opportunities/

Webpage with 1 Emails
http://www.jarrettlogistics.com/contact/

Webpage with 4 Phone Numbers
http://www.jarrettlogistics.com/among-101-receive-2013-leading-edge-award/

Webpage with 2 Phone Numbers
http://www.jarrettlogistics.com/category/news/

Webpage with 1 Phone Numbers
http://www.jarrettlogistics.com/contact/

Webpage with 1 Phone Numbers
http://www.jarrettlogistics.com/jls-client-referral-program/

Primary Address
6801 Brecksville Road, Suite 160, Independence, Ohio 44131"
"Barrett Distribution Centers 8011265581","","","://","","","","","","logistics",""
"Integrity Express Logistics 9435308522","","","://","","","","","","logistics",""
"Vectora Transportation 8755372275","312-646-7260","mgraska@vectoratransportation.com","http://VectoraTransportation.com","200 W Madison St","Chicago","Illinois","60606","United States","logistics","Webpage with 6 Emails
http://vectoratransportation.com/team/

Webpage with 4 Emails
http://vectoratransportation.com/contact/

Webpage with 2 Emails
http://vectoratransportation.com/6-ways-to-efficiently-use-logistics-service-providers/

Webpage with 2 Emails
http://vectoratransportation.com/the-strongest-supply-chain-link/

Webpage with 1 Emails
http://vectoratransportation.com/measure-logistics-performance/

Webpage with 8 Phone Numbers
http://vectoratransportation.com/team/

Webpage with 6 Phone Numbers
http://vectoratransportation.com/contact/

Webpage with 2 Phone Numbers
http://vectoratransportation.com/manstan-speaks-at-niobrara-infrastructure-conference/

Webpage with 2 Phone Numbers
http://vectoratransportation.com/tag/niobrara/

Webpage with 2 Phone Numbers
http://vectoratransportation.com/tag/proppants/

Primary Address
200 West Madison, Suite 1820 Chicago, IL 60606"
"LTL Freight Source 9179465298","","","http://LTLFreightSource.com","","","","","","logistics",""
"Source Logistics 2066876677","323-887-3884","customerservice@sourcelogistics.net","http://www.sourcelogistics.net","","","","","","logistics","Webpage with 2 Emails
http://www.sourcelogistics.net

Webpage with 1 Phone Numbers
http://wms.sourcelogistics.net/SourcePortal/

Webpage with 1 Phone Numbers
http://wms.sourcelogistics.net/SourcePortal/Account/

Webpage with 1 Phone Numbers
http://wms.sourcelogistics.net/SourcePortal/OrderSearch.aspx

Webpage with 1 Phone Numbers
http://wms.sourcelogistics.net/SourcePortal/Account/Login.aspx?ReturnUrl=%2fSourcePortal%2f

"
"England Logistics 7308576947","800-378-1990","LTLParcel@englandlogistics.com","http://www.englandlogistics.com","2887 W 2100 S","Salt Lake City","Utah","84120","United States","logistics","Webpage with 50 Emails
http://www.englandlogistics.com/node/238

Webpage with 50 Emails
http://www.englandlogistics.com/node/237

Webpage with 25 Emails
http://www.englandlogistics.com/contact

Webpage with 10 Emails
http://www.englandlogistics.com/taxonomy/term/14

Webpage with 10 Emails
http://www.englandlogistics.com/taxonomy/term/32

Webpage with 25 Phone Numbers
http://www.englandlogistics.com/node/238

Webpage with 25 Phone Numbers
http://www.englandlogistics.com/node/237

Webpage with 12 Phone Numbers
http://www.englandlogistics.com/contact

Webpage with 6 Phone Numbers
http://www.englandlogistics.com/contact-elagent

Webpage with 5 Phone Numbers
http://www.englandlogistics.com/taxonomy/term/36

Primary Address
4701 West 2100 South West Valley City, UT 84120"
"enVista 7478099635","","","://","","","","","","logistics",""
"FitzMark 6066618263","866-944-8717","lhickman@fitzmark.com","http://www.fitzmark.com","4620 W 84th St","Indianapolis","Indiana","46268","United States","logistics","Webpage with 2 Emails
http://fitzmark.com/index.php?/blog/Page-6.html

Webpage with 2 Emails
http://www.fitzmark.com/index.php?/blog/Page-5.html

Webpage with 2 Emails
http://fitzmark.com/index.php?/blog/Page-5.html

Webpage with 1 Emails
http://fitzmark.com/index.php?/2012/august/index.php

Webpage with 1 Emails
http://fitzmark.com/index.php?/2012/april/index.php

Webpage with 12 Phone Numbers
http://www.fitzmark.com/index.php?/locations.html

Webpage with 12 Phone Numbers
http://fitzmark.com/index.php?/locations.html

Webpage with 3 Phone Numbers
http://www.fitzmark.com/?ui=mobile

Webpage with 3 Phone Numbers
http://www.fitzmark.com

Webpage with 3 Phone Numbers
http://www.fitzmark.com/index.php?/component/option,com_facileforms/Itemid,108/

Primary Address
4620 W. 84th Street Indianapolis, IN 46268"
"Logistics Planning Services 8531955298","877-539-7447","careers@shiplps.com","http://www.shiplps.com","731 Bielenberg Dr","Saint Paul","Minnesota","55125","United States","logistics","Webpage with 2 Emails
http://www.shiplps.com/fmcsa-announces-proposed-hours-of-service/

Webpage with 2 Emails
http://www.shiplps.com/tsa-issues-tougher-international-air-cargo-rules/

Webpage with 2 Emails
http://www.shiplps.com/lps-participants-in-twin-cities-habitat-brush-with-kindness-program/

Webpage with 2 Emails
http://www.shiplps.com/careers/

Webpage with 7 Phone Numbers
http://www.shiplps.com/contact-3/

Webpage with 3 Phone Numbers
http://insights.shiplps.com/

Webpage with 3 Phone Numbers
http://insights.shiplps.com

Webpage with 2 Phone Numbers
http://www.shiplps.com/potential-rail-strike/

Webpage with 2 Phone Numbers
http://www.shiplps.com/shippers-experiencing-service-issue-with-western-north-dakota/

Primary Address
731 Bielenberg Drive, Ste 108 Woodbury, MN 55125"
"Scott Sheldon 2882437197","330-952-0103","info@scott-sheldon.com","http://www.Scott-Sheldon.com","3985 Medina Rd","Medina","Ohio","44256","United States","logistics","Webpage with 6 Emails
http://www.scott-sheldon.com/whats-new/scott-sheldon-partners-with-sap%c2%ae-gold-channel-partner-idhasoft-inc/

Webpage with 4 Emails
http://www.scott-sheldon.com/ask-scott-sheldon/

Webpage with 4 Emails
http://www.scott-sheldon.com/about-us/contact-us/

Webpage with 4 Emails
http://www.scott-sheldon.com/about-us/careers/

Webpage with 4 Emails
http://www.scott-sheldon.com/about-us/contact-us/tell-us-your-supply-chain-needs/

Webpage with 4 Phone Numbers
http://www.scott-sheldon.com/whats-new/scott-sheldon-partners-with-sap%c2%ae-gold-channel-partner-idhasoft-inc/

Webpage with 4 Phone Numbers
http://www.scott-sheldon.com/about-us/contact-us/

Webpage with 4 Phone Numbers
http://www.scott-sheldon.com/whats-new/scott-sheldon-awarded-gsa-schedule/

Webpage with 4 Phone Numbers
http://www.scott-sheldon.com/ask-scott-sheldon/

Webpage with 4 Phone Numbers
http://www.scott-sheldon.com/about-us/contact-us/tell-us-your-supply-chain-needs/

Primary Address
3985 Medina Road Suite 220 Medina, OH 44256"
"Apogee Jets 1628615806","305-913-7120","privacy@apogeejets.com","http://www.apogeejets.com","1111 Brickell Ave","Miami","Florida","33131","United States","logistics","Webpage with 3 Emails
http://www.apogeejets.com/private-jet-charter-privacy-policy

Webpage with 1 Emails
http://www.apogeejets.com/private-jet-charter-company-blog/apogee-sponsorship-billboard

Webpage with 6 Phone Numbers
http://www.apogeejets.com/private-jet-charter-contact

Primary Address
1111 Brickell Avenue Miami, FL 33131"
"ACT Logistics Group 4852420866","816-407-5713","logistics-info@actlgi.com","http://www.ACTlgi.com","","Liberty","Missouri","64069","United States","logistics","Webpage with 2 Emails
http://www.actlgi.com/Home/ContactUs

Webpage with 2 Emails
http://www.ACTlgi.com/Home/ContactUs

Webpage with 2 Phone Numbers
http://www.actlgi.com/Home/ContactUs

Webpage with 2 Phone Numbers
http://www.ACTlgi.com/Home/ContactUs

Primary Address
210 Post Office Box 516 Liberty, MO 64069"
"Ecogistics 6701377582","662-420-7378","","http://www.Ecogistics.org","","Rock Island","Illinois","61204","United States","logistics","Webpage with 5 Phone Numbers
http://www.ecogistics.org/contact-us/

Webpage with 1 Phone Numbers
http://www.Ecogistics.org/services/

Webpage with 1 Phone Numbers
http://www.Ecogistics.org/testimonials/

Webpage with 1 Phone Numbers
http://www.ecogistics.org/leadership/

Webpage with 1 Phone Numbers
http://www.ecogistics.org/testimonials/

Primary Address
P.O. Box 6576 Rock Island, IL 61204"
"Source Consulting 4866138186","800-783-5753","info@sourceconsulting.com","http://www.sourceconsulting.com","2458 Newport Blvd","Costa Mesa","California","92627","United States","logistics","Webpage with 6 Emails
http://www.sourceconsulting.com/1000-dollar-promo

Webpage with 6 Emails
http://sourceconsulting.com/1000-dollar-promo

Webpage with 4 Emails
http://www.sourceconsulting.com/case-studies

Webpage with 4 Emails
http://www.sourceconsulting.com/contact-source-consulting

Webpage with 4 Emails
http://sourceconsulting.com/case-studies

Webpage with 4 Phone Numbers
http://sourceconsulting.com/contact-source-consulting

Webpage with 4 Phone Numbers
http://www.sourceconsulting.com/contact-source-consulting

Webpage with 3 Phone Numbers
http://www.sourceconsulting.com/1000-dollar-promo

Webpage with 3 Phone Numbers
http://sourceconsulting.com/1000-dollar-promo

Webpage with 2 Phone Numbers
http://www.sourceconsulting.com/parcel-freight-audit-demo

Primary Address
2458 Newport Blvd. 109 Costa Mesa, CA 92627"
"US Storage Search 4901559551","866-880-0742","hr@usstoragesearch.com","http://www.USStorageSearch.com","24523 Gosling Rd","Spring","Texas","77389","United States","logistics","Webpage with 2 Emails
http://www.usstoragesearch.com/blog/index.php/category/usstoragesearch-employees/usstoragesearch-jobs/

Webpage with 2 Emails
http://www.usstoragesearch.com/blog/index.php/submit-news-press-release/

Webpage with 2 Emails
http://www.usstoragesearch.com/counter.php?ad_id=1916

Webpage with 1 Emails
http://www.usstoragesearch.com/blog/index.php/category/usstoragesearch-employees/

Webpage with 1 Emails
http://www.usstoragesearch.com/advertise-your-facility/

Webpage with 27 Phone Numbers
http://www.usstoragesearch.com/nashville-self-storage/tennessee-self-storage/

Webpage with 26 Phone Numbers
http://www.usstoragesearch.com/mckinney-self-storage/texas-self-storage/

Webpage with 26 Phone Numbers
http://www.usstoragesearch.com/pittsburgh-self-storage/pennsylvania-self-storage/

Webpage with 25 Phone Numbers
http://www.usstoragesearch.com/counter.php?ad_id=1115

Webpage with 25 Phone Numbers
http://www.usstoragesearch.com/spring-self-storage/texas-self-storage/

Primary Address
24523 Gosling Road Spring, TX 77389"
"Loyal Logistics 4514219857","323-724-1515","Maria@LoyalLogisticsInc.com","http://www.LoyalLogisticsInc.com","1012 W Beverly Blvd","Montebello","California","90640","United States","logistics","Webpage with 12 Emails
http://www.LoyalLogisticsInc.com/contact_us.html

Webpage with 4 Phone Numbers
http://www.LoyalLogisticsInc.com/contact_us.html

Webpage with 1 Phone Numbers
http://www.LoyalLogisticsInc.com/index.html

Webpage with 1 Phone Numbers
http://www.LoyalLogisticsInc.com

Primary Address
1012 W Beverly Blvd 891 Montebello, CA 90640"
"QCS Logistics 2344794108","504-940-6262","info@qcslogistics.com","http://www.QCSLogistics.com","","","","","","logistics","Webpage with 8 Emails
http://www.qcslogistics.com/contact/

Webpage with 8 Emails
http://www.QCSLogistics.com/contact/

Webpage with 8 Emails
http://www.QCSLogistics.com/contact

Webpage with 8 Emails
http://www.qcslogistics.com/contact

Webpage with 3 Emails
http://www.qcslogistics.com/join-our-vmail-list

Webpage with 8 Phone Numbers
http://www.QCSLogistics.com/contact/

Webpage with 8 Phone Numbers
http://www.qcslogistics.com/contact/

Webpage with 8 Phone Numbers
http://www.QCSLogistics.com/contact

Webpage with 8 Phone Numbers
http://www.qcslogistics.com/contact

Webpage with 7 Phone Numbers
http://www.QCSLogistics.com/customer-support/faqs-frequently-asked-questions

"
"Saturn Freight Systems 7167609500","770-693-5749","laxstation@saturnfreight.com","http://www.saturnfreight.com","","Marietta","Georgia","30068","United States","logistics","Webpage with 1 Emails
http://www.saturnfreight.com/LosAngelesCA-56

Webpage with 1 Emails
http://www.saturnfreight.com/contact

Webpage with 3 Phone Numbers
http://www.saturnfreight.com/GreenvilleSC-52

Webpage with 3 Phone Numbers
http://www.saturnfreight.com/IndianapolisIN-53

Webpage with 3 Phone Numbers
http://www.saturnfreight.com/DallasTX-51

Webpage with 3 Phone Numbers
http://www.saturnfreight.com/ChicagoIL-50

Webpage with 3 Phone Numbers
http://www.saturnfreight.com/CharlotteNC-49

Primary Address
PO Box 680308 Marietta, GA 30068"
"Saddle Creek Logistics Services 5415775468","888-878-1177","tom.collins@sclogistics.com","http://sclogistics.com","3010 Saddle Creek Rd","Lakeland","Florida","33801","United States","logistics","Webpage with 9 Emails
http://sclogistics.com/our-company/leadership

Webpage with 4 Emails
http://sclogistics.com/news-resources/press-releases-news/cng-fleet-supports-corporate-sustainability-for-3pl-s-customers

Webpage with 4 Emails
http://sclogistics.com/news-resources/press-releases-news/saddle-creek-names-business-development-director

Webpage with 4 Emails
http://sclogistics.com/news-resources/press-releases-news/ipsy-selects-saddle-creek-for-fulfillment-services

Webpage with 4 Emails
http://sclogistics.com/news-resources/press-releases-news/saddle-creek-names-business-development-vp

Webpage with 6 Phone Numbers
http://sclogistics.com/contact-us

Webpage with 5 Phone Numbers
http://sclogistics.com/locations

Webpage with 4 Phone Numbers
http://sclogistics.com/chicago-consulting

Webpage with 4 Phone Numbers
http://sclogistics.com/news-resources

Webpage with 4 Phone Numbers
http://sclogistics.com/careers/freight-agents

Primary Address
3010 Saddle Creek Road Lakeland, Florida 33801"
"BeavEx 8319197542","404-260-0961","info@beavex.com","http://www.beavex.com","200 E Side Ave SE","Atlanta","Georgia","30327","United States","logistics","Webpage with 8 Emails
http://www.beavex.com/privacy.html

Webpage with 6 Emails
http://www.beavex.com/contact.html

Webpage with 3 Emails
http://www.beavex.com/index.html

Webpage with 3 Emails
http://www.beavex.com/customer.html

Webpage with 3 Emails
http://www.beavex.com/

Webpage with 7 Phone Numbers
http://www.beavex.com/contact.html

Webpage with 5 Phone Numbers
http://www.beavex.com/privacy.html

Webpage with 5 Phone Numbers
http://www.beavex.com/events.html

Webpage with 4 Phone Numbers
http://www.beavex.com/locations.html

Webpage with 4 Phone Numbers
http://www.beavex.com/national.html

Primary Address
200, Suite 300 Atlanta, GA 30327"
"Express Air Freight Unlmited 5435604712","","","http://www.expressairfreight.com","","","","","","logistics",""
"M33 Integrated Solutions 7827463545","866-672-2862","helpdesk@m33integrated.com","http://www.m33integrated.com","329 Battleground Ave","Greensboro","North Carolina","27401","United States","logistics","Webpage with 8 Emails
http://www.m33integrated.com/contact-us.php

Webpage with 3 Emails
http://www.m33integrated.com/a-logistics-concept-grows-in-north-carol.php

Webpage with 2 Emails
http://www.m33integrated.com/software-development-intern-position-ava.php

Webpage with 2 Emails
http://www.m33integrated.com/m33-staff-team-up-to-march-for-babies.php

Webpage with 2 Emails
http://www.m33integrated.com/job-opportunities.php

Webpage with 8 Phone Numbers
http://www.m33integrated.com/contact-us.php

Webpage with 3 Phone Numbers
http://www.m33integrated.com/m33-staff-team-up-again-to-fight-als.php

Webpage with 1 Phone Numbers
http://www.m33integrated.com/m33-expands-footprint-in-atlanta-metro-a.php

Webpage with 1 Phone Numbers
http://www.m33integrated.com/m33-adds-to-its-carrier-management-team.php

Webpage with 1 Phone Numbers
http://www.m33integrated.com/m33-a-leader-in-sustainable-shipping.php

Primary Address
329 Battleground Avenue Greensboro, NC 27401"
"Best Drivers 5129724951","800-441-7938","","http://www.bestdrivers.com","","Alcoa","Tennessee","37701","United States","logistics","Webpage with 2 Phone Numbers
http://www.bestdrivers.com

Primary Address
P.O. Box 1006 Alcoa, Tennessee 37701"
"FreightCenter.com 8451519710","800-716-7608","media@freightcenter.com","http://www.FreightCenter.com","34125 US Hwy 19 N","Palm Harbor","Florida","34684","United States","logistics","Webpage with 6 Emails
http://www.FreightCenter.com/news/FreightCenter-Creates-New-Positions-to-be-Filled-by-Year-End.aspx

Webpage with 6 Emails
http://www.FreightCenter.com/news/FreightCenter-Ramps-Up-Hiring-Efforts-Announces-Expansion-and-Office-Relocation.aspx

Webpage with 6 Emails
http://www.FreightCenter.com/news/I-Beam-Memorial-to-be-dedicated-on-10th-Anniversary-of-9-11.aspx

Webpage with 5 Emails
http://www.FreightCenter.com/news/FreightCenter-Kick-Starts-2nd-Annual-Volunteer-Program-and-Donation-Center.aspx

Webpage with 4 Emails
http://www.FreightCenter.com/support/Topic.aspx?topicID=40&topic=freight-class

Webpage with 12 Phone Numbers
http://www.freightcenter.com/ContactUs.aspx

Webpage with 12 Phone Numbers
http://www.FreightCenter.com/ContactUs.aspx

Webpage with 8 Phone Numbers
http://www.FreightCenter.com/engine%20shipping.aspx

Webpage with 8 Phone Numbers
http://www.FreightCenter.com/tradeshow/

Webpage with 8 Phone Numbers
http://www.FreightCenter.com/tradeshow

Primary Address
34125 U.S. 19 N, Suite 130 Palm Harbor, FL 34684"
"Trinity Logistics 2858619830","866-603-5679","carrierrelations@trinitylogistics.com","http://www.trinitylogistics.com","","Seaford","Delaware","19973","United States","logistics","Webpage with 14 Emails
http://www.trinitylogistics.com/carriers/frequently-asked-questions

Webpage with 7 Emails
http://www.trinitylogistics.com/company/careers/current-openings

Webpage with 6 Emails
http://www.trinitylogistics.com/company/trinity-foundation/get-involved

Webpage with 4 Emails
http://www.trinitylogistics.com/site-policies

Webpage with 2 Emails
http://www.trinitylogistics.com/blog/ten-questions-for-interviewing-freight-brokers-a-shippers-perspective

Webpage with 12 Phone Numbers
http://www.trinitylogistics.com/contact-us

Webpage with 6 Phone Numbers
http://www.trinitylogistics.com/carriers/frequently-asked-questions

Webpage with 5 Phone Numbers
http://www.trinitylogistics.com/become-an-agent

Webpage with 4 Phone Numbers
http://www.trinitylogistics.com/blog/the-top-5-tms-transportation-management-system-myths

Webpage with 4 Phone Numbers
http://www.trinitylogistics.com/newyork

Primary Address
PO Box 1620 Seaford, DE 19973"
"Archway 6842292172","866-791-4826","info@archway.com","http://www.archway.com","20500 S Diamond Lake Rd","Rogers","Minnesota","55374","United States","logistics","Webpage with 4 Emails
http://www.archway.com/contact-us.aspx

Webpage with 4 Emails
http://archway.com/contact-us.aspx

Webpage with 4 Emails
http://www.archway.com/Contact-Us.aspx

Webpage with 4 Emails
http://archway.com/Contact-Us.aspx

Webpage with 3 Emails
http://www.archway.com/assessment.aspx

Webpage with 3 Phone Numbers
http://www.archway.com/Contact-Us.aspx

Webpage with 3 Phone Numbers
http://archway.com/contact-us.aspx

Webpage with 3 Phone Numbers
http://archway.com/Contact-Us.aspx

Webpage with 3 Phone Numbers
http://www.archway.com/contact-us.aspx

Webpage with 2 Phone Numbers
http://www.archway.com/assessment.aspx

Primary Address
19850 South Diamond Lake Road Rogers, MN 55374"
"Florida East Coast Railway 4817959593","305-889-5586","webmaster@fecrwy.com","http://FECRwy.com","300 Lena St","Saint Augustine","Florida","32084","United States","logistics","Webpage with 23 Emails
http://FECRwy.com/contact

Webpage with 23 Emails
http://FECRwy.com/rail-customers/transload-locations

Webpage with 23 Emails
http://www.fecrwy.com/rail-customers/transload-locations

Webpage with 23 Emails
http://www.fecrwy.com/contact

Webpage with 19 Emails
http://www.fecrwy.com/intermodal-customers/ramp-terminals

Webpage with 14 Phone Numbers
http://FECRwy.com/contact

Webpage with 14 Phone Numbers
http://www.fecrwy.com/contact

Webpage with 11 Phone Numbers
http://FECRwy.com/rail-customers/transload-locations

Webpage with 11 Phone Numbers
http://www.fecrwy.com/rail-customers/transload-locations

Webpage with 10 Phone Numbers
http://FECRwy.com/intermodal-customers/ramp-terminals

Primary Address
207pt width 276 3501 N Ponce De Leon Blvd, St. Augustine, FL 32084"
"Tidewater Fleet Supply 7915931864","800-966-8478","tstone@tidewaterfleetsupply.com","http://www.tidewaterfleetsupply.com","1098 S 3rd St","Mebane","North Carolina","27302","United States","logistics","Webpage with 8 Emails
http://www.tidewaterfleetsupply.com/index.php?page=contactus

Webpage with 1 Emails
http://www.tidewaterfleetsupply.com/index.php?page=clinics

Webpage with 10 Phone Numbers
http://www.tidewaterfleetsupply.com/index.php?page=contactus

Webpage with 8 Phone Numbers
http://www.tidewaterfleetsupply.com/tfscatalog/files/basic-html/

Webpage with 8 Phone Numbers
http://www.tidewaterfleetsupply.com/tfscatalog/files/basic-html/index.html

Webpage with 8 Phone Numbers
http://www.tidewaterfleetsupply.com/tfscatalog/files/basic-html/page1.html

Webpage with 6 Phone Numbers
http://www.tidewaterfleetsupply.com/tfscatalog/files/basic-html/page106.html

Primary Address
1394 South Third Street, Mebane, NC 27302"
"ADL Delivery 5808058423","877-423-3741","info@adldelivery.com","http://www.ADLdelivery.com","231 E Palmer Ave","Tallahassee","Florida","32301","United States","logistics","Webpage with 2 Emails
http://www.adldelivery.com/contact-us/

Webpage with 2 Emails
http://www.ADLdelivery.com/contact-us/

Webpage with 2 Phone Numbers
http://www.adldelivery.com/contact-us/

Webpage with 2 Phone Numbers
http://www.ADLdelivery.com/contact-us/

Webpage with 1 Phone Numbers
http://www.adldelivery.com/locations/

Webpage with 1 Phone Numbers
http://www.adldelivery.com/careers/

Webpage with 1 Phone Numbers
http://www.adldelivery.com/about-us/

Primary Address
231 E Palmer Ave, Ste A Tallahassee, FL 32301"
"AIReS 3769519662","412-788-0461","jhatala@aires.com","http://www.aires.com","15660 Dallas Pkwy","Dallas","Texas","75248","United States","logistics","Webpage with 17 Emails
http://www.aires.com/contact.html

Webpage with 4 Emails
http://www.aires.com/News/IndustryNews/TransEUMembershipMeasuresExpire.html

Webpage with 2 Emails
http://www.aires.com/News/IndustryNews/TaiwanReEntryPermits.html

Webpage with 2 Emails
http://www.aires.com/News/IndustryNews/UKTBScreeningsForCHina.html

Webpage with 2 Emails
http://www.aires.com/News/IndustryNews/TheNetherlandsMVVVisa.html

Webpage with 10 Phone Numbers
http://www.aires.com/contact.html

Webpage with 1 Phone Numbers
http://www.aires.com/News/IndustryNews/SwitzerlandWorkPermitQuotas.html

Webpage with 1 Phone Numbers
http://www.aires.com/News/IndustryNews/ThailandPoliticalDemosSlowProcessing.html

Webpage with 1 Phone Numbers
http://www.aires.com/News/IndustryNews/ChinaRestrictedEntryForInternsTrainees.html

Webpage with 1 Phone Numbers
http://www.aires.com/News/IndustryNews/ThailandPoliticalDemos.html

Primary Address
15660 North Dallas Parkway, Suite 1150 Dallas, TX 75248"
"Preferred Freezer Services 7610943342","973-820-4040","jingrassia@preferredfreezer.com","http://www.preferredfreezer.com","4699 Bandini Blvd","Los Angeles","California","90058","United States","logistics","Webpage with 70 Emails
https://preferredfreezer.com/contacts/contacts-corporate.php

Webpage with 70 Emails
http://www.preferredfreezer.com/contacts/contacts-corporate.php

Webpage with 34 Emails
https://preferredfreezer.com/logistics/logistics_people.php

Webpage with 34 Emails
http://www.preferredfreezer.com/logistics/logistics_people.php

Webpage with 14 Emails
http://www.preferredfreezer.com/contacts/contacts-ca-washingtonblvd.php?expanddiv=california

Webpage with 39 Phone Numbers
https://preferredfreezer.com/contacts/contacts-corporate.php

Webpage with 39 Phone Numbers
http://www.preferredfreezer.com/contacts/contacts-corporate.php

Webpage with 16 Phone Numbers
http://www.preferredfreezer.com/logistics/logistics_people.php

Webpage with 16 Phone Numbers
https://preferredfreezer.com/logistics/logistics_people.php

Webpage with 8 Phone Numbers
https://preferredfreezer.com/contacts/contacts-fl-jacksonville.php?expanddiv=florida

Primary Address
4901 Bandini Blvd Vernon, CA 90058"
"Target Freight Management 3819324009","888-653-1323","info@targetfmi.com","http://www.TargetFMI.com","5905 Brownsville Rd","Pittsburgh","Pennsylvania","15236","United States","logistics","Webpage with 3 Emails
http://www.TargetFMI.com/careers.html

Webpage with 3 Emails
http://www.TargetFMI.com/index.html

Webpage with 3 Emails
http://www.TargetFMI.com

Webpage with 1 Emails
http://www.TargetFMI.com/news.html

Webpage with 1 Emails
http://www.TargetFMI.com/carriers.html

Webpage with 4 Phone Numbers
http://www.TargetFMI.com/contact.html

Webpage with 3 Phone Numbers
http://www.TargetFMI.com/index.html

Webpage with 3 Phone Numbers
http://www.TargetFMI.com

Webpage with 2 Phone Numbers
http://www.TargetFMI.com/careers.html

Webpage with 2 Phone Numbers
http://www.TargetFMI.com/news.html

Primary Address
5905 Brownsville Rd., Pittsburgh, PA 15236"
"Hybrid Transit Systems 3204828184","319-261-0749","carrierservices@hybridtrans.com","http://www.hybridtrans.com","818 Dows Rd SE","Cedar Rapids","Iowa","52403","United States","logistics","Webpage with 86 Emails
http://www.hybridtrans.com/contact.html

Webpage with 7 Emails
http://www.hybridtrans.com/about.html

Webpage with 2 Emails
http://www.hybridtrans.com/ufollowit.html

Webpage with 2 Emails
http://www.hybridtrans.com/csa_2010.html

Webpage with 2 Emails
http://www.hybridtrans.com/dedicated.html

Webpage with 47 Phone Numbers
http://www.hybridtrans.com/contact.html

Webpage with 3 Phone Numbers
http://www.hybridtrans.com/contact_careers.html

Webpage with 2 Phone Numbers
http://www.hybridtrans.com/ocean.html

Webpage with 2 Phone Numbers
http://www.hybridtrans.com/air.html

Webpage with 2 Phone Numbers
http://www.hybridtrans.com/expedited.html

Primary Address
818 Dows Rd SE Cedar Rapids, IA 52403"
"Fast Trac Transportation 6366315617","","","http://www.fasttractrans.com","","","","","","logistics",""
"Frontline Freight 2998789307","800-243-5422","logistics@frontlinefreightinc.com","http://www.FrontlineFreightInc.com","13007 Crossroads Pkwy S","La Puente","California","91746","United States","logistics","Webpage with 7 Emails
http://frontlinefreightinc.com/domestic-transportation-services/contact-us/

Webpage with 2 Emails
http://frontlinefreightinc.com/logistics-program/

Webpage with 3 Phone Numbers
http://frontlinefreightinc.com/domestic-transportation-services/contact-us/

Webpage with 2 Phone Numbers
http://frontlinefreightinc.com/domestic-transportation-services/contact-us/<a%20href="mailto:customerservice@frontlinefrontlinefreightinc.com"%20target="_blank">contactus@frontlinefreightinc.com</a>

Webpage with 2 Phone Numbers
http://www.frontlinefreightinc.com/domestic-transportation-services/about-us

Webpage with 2 Phone Numbers
http://frontlinefreightinc.com/logistics-program/

Webpage with 1 Phone Numbers
http://www.frontlinefreightinc.com/home

Primary Address
13007 Crossroads Parkway S. Industry, CA 91746"