"Mach 1 Global Services","http://www.Mach1Global.com"
"HMS Global Maritime","http://www.hmsgm.com"
"K&L Freight Management","http://www.KandLFreight.com"
"Quality Services Moving","http://www.QSMoving.com"
"Intelligent Logistics","http://www.inlogistics.com"
"Ace Van & Storage Company","http://moveinterstate.com"
"Jung Express","http://junglogistics.com"
"ATDynamics","http://www.ATDynamics.com"
"IntegraCore","http://www.integracore.com"
"Coyote Logistics","http://www.coyote.com"
"Artur Express","Error"
"Fulfillment Strategies International","http://www.fsifulfillment.com"
"Lighten the Load","http://www.lightentheloadinc.com"
"MES","http://www.mesinc.net"
"The Logistics Store","http://www.TheLogisticsStore.com"
"FreightPros","http://www.FreightPros.com"
"CTG US","http://www.ctg.us"
"MyUS.com","http://www.myus.com"
"Pacific Logistics","http://www.Pacific-Logistics.com"
"R2 Logistics","http://www.r2logisticsteam.com"
"PetRelocation.com","http://www.petrelocation.com"
"ETS International","http://www.etsintl.net"
"Promofill","http://www.Promofill.com"
"Jetpool","http://www.flyjetpool.com"
"A1 Express Delivery Service","http://www.1-800courier.com"
"Infinity Publishing Group","http://www.USAutos.net"
"USA Truck Brokers","http://www.usatruckbrokers.com"
"Fortis Riders","http://www.fortisnet.com"
"Freightquote","http://www.freightquote.com"
"Powell Christensen","http://www.repowell.net"
"FST Logistics","http://www.FSTLogistics.com"
"Fifth Gear","http://www.InFifthGear.com/contact-fifth-gear/"
"Mayor Logistics","http://www.mayorusa.com"
"Desert Jet","http://www.desertjet.com"
"Meathead Movers","Error"
"HireAHelper.com","http://www.HireAHelper.com"
"Teddy's Transportation System","http://www.TeddysLimo.com"
"Transit Systems","http://www.TransitSystems.com"
"Access Worldwide","http://www.accessworldwide.net"
"Point to Point Transportation Services","http://www.p2ptransportation.com"
"Bolt Express","http://www.bolt-express.com"
"Sunset Transportation","http://onthemove.sunsettrans.com"
"US Logistics","http://www.USLFreight.com"
"Transportation Insight","http://www.transportationinsight.com"
"Crane Worldwide Logistics","http://www.CraneWW.com"
"LimoLink","http://LimoLink.com"
"Gazelle Transportation","http://gazelletrans.com"
"AFS","http://afs.net"
"Logos Logistics","http://www.LogosLogisticsInc.com"
"Trans-Expedite","http://www.trans-expedite.com"
"BirdDog Solutions","http://www.birddog.com"
"Pathmark Transportation","http://www.pathmarktrans.com"
"Davis Transportation Services","http://www.DavisDrivers.com"
"Swiss Teknik","http://www.swissteknik.com"
"Transportation Impact","http://www.TransportationImpact.com"
"LJM Consultants","http://www.MyLJM.com"
"US Perishables","http://www.USPerishables.com"
"TTS","http://www.tts-us.com"
"Logistic Dynamics","http://www.LogisticDynamics.com"
"OSM Worldwide","http://osmworldwide.com"
"Access America Transport","Error"
"Rockfarm Logistics","http://www.rockfarmlogistics.com"
"Load Delivered Logistics","http://www.loaddelivered.com"
"Jarrett Logistics Systems","http://www.jarrettlogistics.com"
"Barrett Distribution Centers","Error"
"Integrity Express Logistics","Error"
"Vectora Transportation","http://VectoraTransportation.com"
"LTL Freight Source","http://LTLFreightSource.com"
"Source Logistics","http://www.sourcelogistics.net"
"England Logistics","http://www.englandlogistics.com"
"enVista","Error"
"FitzMark","http://www.fitzmark.com"
"Logistics Planning Services","http://www.shiplps.com"
"Scott Sheldon","http://www.Scott-Sheldon.com"
"Apogee Jets","http://www.apogeejets.com"
"ACT Logistics Group","http://www.ACTlgi.com"
"Ecogistics","http://www.Ecogistics.org"
"Source Consulting","http://www.sourceconsulting.com"
"US Storage Search","http://www.USStorageSearch.com"
"Loyal Logistics","http://www.LoyalLogisticsInc.com"
"QCS Logistics","http://www.QCSLogistics.com"
"Saturn Freight Systems","http://www.saturnfreight.com"
"Saddle Creek Logistics Services","http://sclogistics.com"
"BeavEx","http://www.beavex.com"
"Express Air Freight Unlmited","http://www.expressairfreight.com"
"M33 Integrated Solutions","http://www.m33integrated.com"
"Best Drivers","http://www.bestdrivers.com"
"FreightCenter.com","http://www.FreightCenter.com"
"Trinity Logistics","http://www.trinitylogistics.com"
"Archway","http://www.archway.com"
"Florida East Coast Railway","http://FECRwy.com"
"Tidewater Fleet Supply","http://www.tidewaterfleetsupply.com"
"ADL Delivery","http://www.ADLdelivery.com"
"AIReS","http://www.aires.com"
"Preferred Freezer Services","http://www.preferredfreezer.com"
"Target Freight Management","http://www.TargetFMI.com"
"Hybrid Transit Systems","http://www.hybridtrans.com"
"Fast Trac Transportation","http://www.fasttractrans.com"
"Frontline Freight","http://www.FrontlineFreightInc.com"
"On-Site Fuel Service","http://www.onsitefuelservice.com"
"Time Definite Services","http://www.timedefinite.com"
"Dawson Logistics","http://www.dawsonlogistics.com"
"LEGACY Supply Chain Services","http://www.LEGACYscs.com"
"Cornerstone Systems","http://www.Cornerstone-Systems.com"
"All State Express Expedited Services","http://www.allstateexpress.com"
"Apple Bus Company","http://www.applebuscompany.com"
"Capacity","http://www.capacityllc.com"
"A.M. Transport Services","http://www.amTransportOnline.com"
"ICT Holdings","http://www.ICTlogisticsInc.com"
"Relay Express","http://www.relayexpress.com"
"Direct Transport Systems","http://Directtransportsys.com"
"Two Marines Moving","Error"
"First Flight Solutions","http://www.FirstFlightSolutions.com"
"CTE Logistics","http://www.CTElogistics.com"
"Full Circle Group","http://FullCircleGroup.us"
"Metropolitan Moving & Storage","http://www.DCmetropolitanMoving.com"
"Farm2Fleet Trucking","http://www.Farm2Fleet.com"
"Anchor Moving & Storage","http://www.AnchorMovingNJ.com"
"American Global Logistics","http://www.americangloballogistics.com"
"Whitacre Logistics","http://www.WhitacreLogistics.com"
"Logenix International","http://www.Logenix.com"
"RT&T Logistics","http://www.RTTEnterprises.com"
"DRT Transportation","http://www.DRTtransportation.com"
"Kingsgate Transportation Services","http://www.KingsgateTrans.com"
"Reston Limousine & Travel Service","http://www.restonlimo.com"
"Unishippers Global Logistics","http://www.unishippers.com"
"Spot Freight","http://SpotMyFreight.com"
"Windy City Limousine and Bus","http://www.windycitylimos.com"
"Victory Transportation Systems","http://victorytrucks.com"
"STS Aviation Group","Error"
"LoadMatch Logistics","http://www.loadmatch123.com"
"Coastal Logistics Group","http://www.clg-inc.com"
"Team Drive-Away","http://teamdriveaway.com"
"Intelligent Audit","http://www.IntelligentAudit.com"
"ODW Logistics & Transportation Services","http://www.ODWLogistics.com/LTS"
"Three Dog Logistics","http://www.threedoglogistics.com"
"MobilityWorks","http://www.mobilityworks.com"
"Bluegrass Supply Chain Services","http://https://www.Bluegrass-SCS.com"
"Zipline Logistics","http://www.ziplinelogistics.com"
"AES Logistics","http://www.globalcargomanager.com"
"Highland Forwarding","http://www.highlandforwarding.com"
"James River Transportation","http://www.JamesRiverTrans.com"
"Aventure Aviation","http://www.aventureaviation.com"
"24/7 Express Logistics","http://www.247expresslogistics.com"
"Fleet Advantage","http://www.FleetAdvantage.net"
"Ervin Equipment","http://www.ErvinUSA.com"
"iDrive Logistics","http://www.iDriveLogistics.com"
"Bengal Transportation","http://www.BengalTransport.com"
"Planes Companies","http://planesmoving.com"
"Estes Forwarding Worldwide","http://www.efwnow.com"
"Bongo International","http://https://bongous.com"
"NorthStar Moving","Error"
"Atlas Oil Company","http://www.atlasoil.com"
"Genco","http://www.genco.com"
"Total Quality Logistics","Error"